,SHAPE,CLARITY,COLOUR,SIZE_RANGE_MIN,SIZE_RANGE_MAX,RAP,DATE
0,PS,IF,D,0.18,0.22,1420, 8/5/2022
1,PS,VVS1,D,0.18,0.22,1420, 8/5/2022
2,PS,VVS2,D,0.18,0.22,1420, 8/5/2022
3,PS,VS1,D,0.18,0.22,1210, 8/5/2022
4,PS,VS2,D,0.18,0.22,1210, 8/5/2022
5,PS,SI1,D,0.18,0.22,930, 8/5/2022
6,PS,SI2,D,0.18,0.22,790, 8/5/2022
7,PS,SI3,D,0.18,0.22,680, 8/5/2022
8,PS,I1,D,0.18,0.22,580, 8/5/2022
9,PS,I2,D,0.18,0.22,450, 8/5/2022
10,PS,I3,D,0.18,0.22,360, 8/5/2022
11,PS,IF,E,0.18,0.22,1420, 8/5/2022
12,PS,VVS1,E,0.18,0.22,1420, 8/5/2022
13,PS,VVS2,E,0.18,0.22,1420, 8/5/2022
14,PS,VS1,E,0.18,0.22,1210, 8/5/2022
15,PS,VS2,E,0.18,0.22,1210, 8/5/2022
16,PS,SI1,E,0.18,0.22,930, 8/5/2022
17,PS,SI2,E,0.18,0.22,790, 8/5/2022
18,PS,SI3,E,0.18,0.22,680, 8/5/2022
19,PS,I1,E,0.18,0.22,580, 8/5/2022
20,PS,I2,E,0.18,0.22,450, 8/5/2022
21,PS,I3,E,0.18,0.22,360, 8/5/2022
22,PS,IF,F,0.18,0.22,1420, 8/5/2022
23,PS,VVS1,F,0.18,0.22,1420, 8/5/2022
24,PS,VVS2,F,0.18,0.22,1420, 8/5/2022
25,PS,VS1,F,0.18,0.22,1210, 8/5/2022
26,PS,VS2,F,0.18,0.22,1210, 8/5/2022
27,PS,SI1,F,0.18,0.22,930, 8/5/2022
28,PS,SI2,F,0.18,0.22,790, 8/5/2022
29,PS,SI3,F,0.18,0.22,680, 8/5/2022
30,PS,I1,F,0.18,0.22,580, 8/5/2022
31,PS,I2,F,0.18,0.22,450, 8/5/2022
32,PS,I3,F,0.18,0.22,360, 8/5/2022
33,PS,IF,G,0.18,0.22,1250, 8/5/2022
34,PS,VVS1,G,0.18,0.22,1250, 8/5/2022
35,PS,VVS2,G,0.18,0.22,1250, 8/5/2022
36,PS,VS1,G,0.18,0.22,1060, 8/5/2022
37,PS,VS2,G,0.18,0.22,1060, 8/5/2022
38,PS,SI1,G,0.18,0.22,820, 8/5/2022
39,PS,SI2,G,0.18,0.22,690, 8/5/2022
40,PS,SI3,G,0.18,0.22,600, 8/5/2022
41,PS,I1,G,0.18,0.22,510, 8/5/2022
42,PS,I2,G,0.18,0.22,400, 8/5/2022
43,PS,I3,G,0.18,0.22,320, 8/5/2022
44,PS,IF,H,0.18,0.22,1250, 8/5/2022
45,PS,VVS1,H,0.18,0.22,1250, 8/5/2022
46,PS,VVS2,H,0.18,0.22,1250, 8/5/2022
47,PS,VS1,H,0.18,0.22,1060, 8/5/2022
48,PS,VS2,H,0.18,0.22,1060, 8/5/2022
49,PS,SI1,H,0.18,0.22,820, 8/5/2022
50,PS,SI2,H,0.18,0.22,690, 8/5/2022
51,PS,SI3,H,0.18,0.22,600, 8/5/2022
52,PS,I1,H,0.18,0.22,510, 8/5/2022
53,PS,I2,H,0.18,0.22,400, 8/5/2022
54,PS,I3,H,0.18,0.22,320, 8/5/2022
55,PS,IF,I,0.18,0.22,1000, 8/5/2022
56,PS,VVS1,I,0.18,0.22,1000, 8/5/2022
57,PS,VVS2,I,0.18,0.22,1000, 8/5/2022
58,PS,VS1,I,0.18,0.22,850, 8/5/2022
59,PS,VS2,I,0.18,0.22,850, 8/5/2022
60,PS,SI1,I,0.18,0.22,700, 8/5/2022
61,PS,SI2,I,0.18,0.22,600, 8/5/2022
62,PS,SI3,I,0.18,0.22,520, 8/5/2022
63,PS,I1,I,0.18,0.22,450, 8/5/2022
64,PS,I2,I,0.18,0.22,350, 8/5/2022
65,PS,I3,I,0.18,0.22,270, 8/5/2022
66,PS,IF,J,0.18,0.22,1000, 8/5/2022
67,PS,VVS1,J,0.18,0.22,1000, 8/5/2022
68,PS,VVS2,J,0.18,0.22,1000, 8/5/2022
69,PS,VS1,J,0.18,0.22,850, 8/5/2022
70,PS,VS2,J,0.18,0.22,850, 8/5/2022
71,PS,SI1,J,0.18,0.22,700, 8/5/2022
72,PS,SI2,J,0.18,0.22,600, 8/5/2022
73,PS,SI3,J,0.18,0.22,520, 8/5/2022
74,PS,I1,J,0.18,0.22,450, 8/5/2022
75,PS,I2,J,0.18,0.22,350, 8/5/2022
76,PS,I3,J,0.18,0.22,270, 8/5/2022
77,PS,IF,K,0.18,0.22,770, 8/5/2022
78,PS,VVS1,K,0.18,0.22,770, 8/5/2022
79,PS,VVS2,K,0.18,0.22,770, 8/5/2022
80,PS,VS1,K,0.18,0.22,650, 8/5/2022
81,PS,VS2,K,0.18,0.22,650, 8/5/2022
82,PS,SI1,K,0.18,0.22,540, 8/5/2022
83,PS,SI2,K,0.18,0.22,470, 8/5/2022
84,PS,SI3,K,0.18,0.22,410, 8/5/2022
85,PS,I1,K,0.18,0.22,350, 8/5/2022
86,PS,I2,K,0.18,0.22,270, 8/5/2022
87,PS,I3,K,0.18,0.22,210, 8/5/2022
88,PS,IF,L,0.18,0.22,770, 8/5/2022
89,PS,VVS1,L,0.18,0.22,770, 8/5/2022
90,PS,VVS2,L,0.18,0.22,770, 8/5/2022
91,PS,VS1,L,0.18,0.22,650, 8/5/2022
92,PS,VS2,L,0.18,0.22,650, 8/5/2022
93,PS,SI1,L,0.18,0.22,540, 8/5/2022
94,PS,SI2,L,0.18,0.22,470, 8/5/2022
95,PS,SI3,L,0.18,0.22,410, 8/5/2022
96,PS,I1,L,0.18,0.22,350, 8/5/2022
97,PS,I2,L,0.18,0.22,270, 8/5/2022
98,PS,I3,L,0.18,0.22,210, 8/5/2022
99,PS,IF,M,0.18,0.22,600, 8/5/2022
100,PS,VVS1,M,0.18,0.22,600, 8/5/2022
101,PS,VVS2,M,0.18,0.22,600, 8/5/2022
102,PS,VS1,M,0.18,0.22,510, 8/5/2022
103,PS,VS2,M,0.18,0.22,510, 8/5/2022
104,PS,SI1,M,0.18,0.22,430, 8/5/2022
105,PS,SI2,M,0.18,0.22,370, 8/5/2022
106,PS,SI3,M,0.18,0.22,320, 8/5/2022
107,PS,I1,M,0.18,0.22,260, 8/5/2022
108,PS,I2,M,0.18,0.22,200, 8/5/2022
109,PS,I3,M,0.18,0.22,150, 8/5/2022
110,PS,IF,N,0.18,0.22,600, 8/5/2022
111,PS,VVS1,N,0.18,0.22,600, 8/5/2022
112,PS,VVS2,N,0.18,0.22,600, 8/5/2022
113,PS,VS1,N,0.18,0.22,510, 8/5/2022
114,PS,VS2,N,0.18,0.22,510, 8/5/2022
115,PS,SI1,N,0.18,0.22,430, 8/5/2022
116,PS,SI2,N,0.18,0.22,370, 8/5/2022
117,PS,SI3,N,0.18,0.22,320, 8/5/2022
118,PS,I1,N,0.18,0.22,260, 8/5/2022
119,PS,I2,N,0.18,0.22,200, 8/5/2022
120,PS,I3,N,0.18,0.22,150, 8/5/2022
121,PS,IF,D,0.23,0.29,1660, 8/5/2022
122,PS,VVS1,D,0.23,0.29,1660, 8/5/2022
123,PS,VVS2,D,0.23,0.29,1660, 8/5/2022
124,PS,VS1,D,0.23,0.29,1440, 8/5/2022
125,PS,VS2,D,0.23,0.29,1440, 8/5/2022
126,PS,SI1,D,0.23,0.29,1060, 8/5/2022
127,PS,SI2,D,0.23,0.29,910, 8/5/2022
128,PS,SI3,D,0.23,0.29,770, 8/5/2022
129,PS,I1,D,0.23,0.29,640, 8/5/2022
130,PS,I2,D,0.23,0.29,510, 8/5/2022
131,PS,I3,D,0.23,0.29,400, 8/5/2022
132,PS,IF,E,0.23,0.29,1660, 8/5/2022
133,PS,VVS1,E,0.23,0.29,1660, 8/5/2022
134,PS,VVS2,E,0.23,0.29,1660, 8/5/2022
135,PS,VS1,E,0.23,0.29,1440, 8/5/2022
136,PS,VS2,E,0.23,0.29,1440, 8/5/2022
137,PS,SI1,E,0.23,0.29,1060, 8/5/2022
138,PS,SI2,E,0.23,0.29,910, 8/5/2022
139,PS,SI3,E,0.23,0.29,770, 8/5/2022
140,PS,I1,E,0.23,0.29,640, 8/5/2022
141,PS,I2,E,0.23,0.29,510, 8/5/2022
142,PS,I3,E,0.23,0.29,400, 8/5/2022
143,PS,IF,F,0.23,0.29,1660, 8/5/2022
144,PS,VVS1,F,0.23,0.29,1660, 8/5/2022
145,PS,VVS2,F,0.23,0.29,1660, 8/5/2022
146,PS,VS1,F,0.23,0.29,1440, 8/5/2022
147,PS,VS2,F,0.23,0.29,1440, 8/5/2022
148,PS,SI1,F,0.23,0.29,1060, 8/5/2022
149,PS,SI2,F,0.23,0.29,910, 8/5/2022
150,PS,SI3,F,0.23,0.29,770, 8/5/2022
151,PS,I1,F,0.23,0.29,640, 8/5/2022
152,PS,I2,F,0.23,0.29,510, 8/5/2022
153,PS,I3,F,0.23,0.29,400, 8/5/2022
154,PS,IF,G,0.23,0.29,1460, 8/5/2022
155,PS,VVS1,G,0.23,0.29,1460, 8/5/2022
156,PS,VVS2,G,0.23,0.29,1460, 8/5/2022
157,PS,VS1,G,0.23,0.29,1250, 8/5/2022
158,PS,VS2,G,0.23,0.29,1250, 8/5/2022
159,PS,SI1,G,0.23,0.29,930, 8/5/2022
160,PS,SI2,G,0.23,0.29,800, 8/5/2022
161,PS,SI3,G,0.23,0.29,680, 8/5/2022
162,PS,I1,G,0.23,0.29,560, 8/5/2022
163,PS,I2,G,0.23,0.29,450, 8/5/2022
164,PS,I3,G,0.23,0.29,350, 8/5/2022
165,PS,IF,H,0.23,0.29,1460, 8/5/2022
166,PS,VVS1,H,0.23,0.29,1460, 8/5/2022
167,PS,VVS2,H,0.23,0.29,1460, 8/5/2022
168,PS,VS1,H,0.23,0.29,1250, 8/5/2022
169,PS,VS2,H,0.23,0.29,1250, 8/5/2022
170,PS,SI1,H,0.23,0.29,930, 8/5/2022
171,PS,SI2,H,0.23,0.29,800, 8/5/2022
172,PS,SI3,H,0.23,0.29,680, 8/5/2022
173,PS,I1,H,0.23,0.29,560, 8/5/2022
174,PS,I2,H,0.23,0.29,450, 8/5/2022
175,PS,I3,H,0.23,0.29,350, 8/5/2022
176,PS,IF,I,0.23,0.29,1180, 8/5/2022
177,PS,VVS1,I,0.23,0.29,1180, 8/5/2022
178,PS,VVS2,I,0.23,0.29,1180, 8/5/2022
179,PS,VS1,I,0.23,0.29,990, 8/5/2022
180,PS,VS2,I,0.23,0.29,990, 8/5/2022
181,PS,SI1,I,0.23,0.29,780, 8/5/2022
182,PS,SI2,I,0.23,0.29,680, 8/5/2022
183,PS,SI3,I,0.23,0.29,590, 8/5/2022
184,PS,I1,I,0.23,0.29,490, 8/5/2022
185,PS,I2,I,0.23,0.29,390, 8/5/2022
186,PS,I3,I,0.23,0.29,300, 8/5/2022
187,PS,IF,J,0.23,0.29,1180, 8/5/2022
188,PS,VVS1,J,0.23,0.29,1180, 8/5/2022
189,PS,VVS2,J,0.23,0.29,1180, 8/5/2022
190,PS,VS1,J,0.23,0.29,990, 8/5/2022
191,PS,VS2,J,0.23,0.29,990, 8/5/2022
192,PS,SI1,J,0.23,0.29,780, 8/5/2022
193,PS,SI2,J,0.23,0.29,680, 8/5/2022
194,PS,SI3,J,0.23,0.29,590, 8/5/2022
195,PS,I1,J,0.23,0.29,490, 8/5/2022
196,PS,I2,J,0.23,0.29,390, 8/5/2022
197,PS,I3,J,0.23,0.29,300, 8/5/2022
198,PS,IF,K,0.23,0.29,940, 8/5/2022
199,PS,VVS1,K,0.23,0.29,940, 8/5/2022
200,PS,VVS2,K,0.23,0.29,940, 8/5/2022
201,PS,VS1,K,0.23,0.29,810, 8/5/2022
202,PS,VS2,K,0.23,0.29,810, 8/5/2022
203,PS,SI1,K,0.23,0.29,660, 8/5/2022
204,PS,SI2,K,0.23,0.29,580, 8/5/2022
205,PS,SI3,K,0.23,0.29,510, 8/5/2022
206,PS,I1,K,0.23,0.29,390, 8/5/2022
207,PS,I2,K,0.23,0.29,310, 8/5/2022
208,PS,I3,K,0.23,0.29,230, 8/5/2022
209,PS,IF,L,0.23,0.29,940, 8/5/2022
210,PS,VVS1,L,0.23,0.29,940, 8/5/2022
211,PS,VVS2,L,0.23,0.29,940, 8/5/2022
212,PS,VS1,L,0.23,0.29,810, 8/5/2022
213,PS,VS2,L,0.23,0.29,810, 8/5/2022
214,PS,SI1,L,0.23,0.29,660, 8/5/2022
215,PS,SI2,L,0.23,0.29,580, 8/5/2022
216,PS,SI3,L,0.23,0.29,510, 8/5/2022
217,PS,I1,L,0.23,0.29,390, 8/5/2022
218,PS,I2,L,0.23,0.29,310, 8/5/2022
219,PS,I3,L,0.23,0.29,230, 8/5/2022
220,PS,IF,M,0.23,0.29,780, 8/5/2022
221,PS,VVS1,M,0.23,0.29,780, 8/5/2022
222,PS,VVS2,M,0.23,0.29,780, 8/5/2022
223,PS,VS1,M,0.23,0.29,660, 8/5/2022
224,PS,VS2,M,0.23,0.29,660, 8/5/2022
225,PS,SI1,M,0.23,0.29,550, 8/5/2022
226,PS,SI2,M,0.23,0.29,480, 8/5/2022
227,PS,SI3,M,0.23,0.29,420, 8/5/2022
228,PS,I1,M,0.23,0.29,310, 8/5/2022
229,PS,I2,M,0.23,0.29,240, 8/5/2022
230,PS,I3,M,0.23,0.29,170, 8/5/2022
231,PS,IF,N,0.23,0.29,780, 8/5/2022
232,PS,VVS1,N,0.23,0.29,780, 8/5/2022
233,PS,VVS2,N,0.23,0.29,780, 8/5/2022
234,PS,VS1,N,0.23,0.29,660, 8/5/2022
235,PS,VS2,N,0.23,0.29,660, 8/5/2022
236,PS,SI1,N,0.23,0.29,550, 8/5/2022
237,PS,SI2,N,0.23,0.29,480, 8/5/2022
238,PS,SI3,N,0.23,0.29,420, 8/5/2022
239,PS,I1,N,0.23,0.29,310, 8/5/2022
240,PS,I2,N,0.23,0.29,240, 8/5/2022
241,PS,I3,N,0.23,0.29,170, 8/5/2022
242,PS,IF,D,0.3,0.39,3000, 8/5/2022
243,PS,VVS1,D,0.3,0.39,2600, 8/5/2022
244,PS,VVS2,D,0.3,0.39,2400, 8/5/2022
245,PS,VS1,D,0.3,0.39,2200, 8/5/2022
246,PS,VS2,D,0.3,0.39,2000, 8/5/2022
247,PS,SI1,D,0.3,0.39,1700, 8/5/2022
248,PS,SI2,D,0.3,0.39,1500, 8/5/2022
249,PS,SI3,D,0.3,0.39,1300, 8/5/2022
250,PS,I1,D,0.3,0.39,1000, 8/5/2022
251,PS,I2,D,0.3,0.39,800, 8/5/2022
252,PS,I3,D,0.3,0.39,600, 8/5/2022
253,PS,IF,E,0.3,0.39,2600, 8/5/2022
254,PS,VVS1,E,0.3,0.39,2400, 8/5/2022
255,PS,VVS2,E,0.3,0.39,2200, 8/5/2022
256,PS,VS1,E,0.3,0.39,2100, 8/5/2022
257,PS,VS2,E,0.3,0.39,1900, 8/5/2022
258,PS,SI1,E,0.3,0.39,1600, 8/5/2022
259,PS,SI2,E,0.3,0.39,1400, 8/5/2022
260,PS,SI3,E,0.3,0.39,1200, 8/5/2022
261,PS,I1,E,0.3,0.39,900, 8/5/2022
262,PS,I2,E,0.3,0.39,800, 8/5/2022
263,PS,I3,E,0.3,0.39,500, 8/5/2022
264,PS,IF,F,0.3,0.39,2400, 8/5/2022
265,PS,VVS1,F,0.3,0.39,2200, 8/5/2022
266,PS,VVS2,F,0.3,0.39,2100, 8/5/2022
267,PS,VS1,F,0.3,0.39,2000, 8/5/2022
268,PS,VS2,F,0.3,0.39,1800, 8/5/2022
269,PS,SI1,F,0.3,0.39,1500, 8/5/2022
270,PS,SI2,F,0.3,0.39,1300, 8/5/2022
271,PS,SI3,F,0.3,0.39,1100, 8/5/2022
272,PS,I1,F,0.3,0.39,800, 8/5/2022
273,PS,I2,F,0.3,0.39,700, 8/5/2022
274,PS,I3,F,0.3,0.39,500, 8/5/2022
275,PS,IF,G,0.3,0.39,2200, 8/5/2022
276,PS,VVS1,G,0.3,0.39,2100, 8/5/2022
277,PS,VVS2,G,0.3,0.39,2000, 8/5/2022
278,PS,VS1,G,0.3,0.39,1900, 8/5/2022
279,PS,VS2,G,0.3,0.39,1700, 8/5/2022
280,PS,SI1,G,0.3,0.39,1400, 8/5/2022
281,PS,SI2,G,0.3,0.39,1200, 8/5/2022
282,PS,SI3,G,0.3,0.39,1000, 8/5/2022
283,PS,I1,G,0.3,0.39,800, 8/5/2022
284,PS,I2,G,0.3,0.39,700, 8/5/2022
285,PS,I3,G,0.3,0.39,400, 8/5/2022
286,PS,IF,H,0.3,0.39,2000, 8/5/2022
287,PS,VVS1,H,0.3,0.39,1900, 8/5/2022
288,PS,VVS2,H,0.3,0.39,1800, 8/5/2022
289,PS,VS1,H,0.3,0.39,1700, 8/5/2022
290,PS,VS2,H,0.3,0.39,1500, 8/5/2022
291,PS,SI1,H,0.3,0.39,1300, 8/5/2022
292,PS,SI2,H,0.3,0.39,1100, 8/5/2022
293,PS,SI3,H,0.3,0.39,900, 8/5/2022
294,PS,I1,H,0.3,0.39,700, 8/5/2022
295,PS,I2,H,0.3,0.39,600, 8/5/2022
296,PS,I3,H,0.3,0.39,400, 8/5/2022
297,PS,IF,I,0.3,0.39,1700, 8/5/2022
298,PS,VVS1,I,0.3,0.39,1600, 8/5/2022
299,PS,VVS2,I,0.3,0.39,1500, 8/5/2022
300,PS,VS1,I,0.3,0.39,1400, 8/5/2022
301,PS,VS2,I,0.3,0.39,1200, 8/5/2022
302,PS,SI1,I,0.3,0.39,1100, 8/5/2022
303,PS,SI2,I,0.3,0.39,1000, 8/5/2022
304,PS,SI3,I,0.3,0.39,800, 8/5/2022
305,PS,I1,I,0.3,0.39,700, 8/5/2022
306,PS,I2,I,0.3,0.39,600, 8/5/2022
307,PS,I3,I,0.3,0.39,400, 8/5/2022
308,PS,IF,J,0.3,0.39,1400, 8/5/2022
309,PS,VVS1,J,0.3,0.39,1300, 8/5/2022
310,PS,VVS2,J,0.3,0.39,1200, 8/5/2022
311,PS,VS1,J,0.3,0.39,1100, 8/5/2022
312,PS,VS2,J,0.3,0.39,1000, 8/5/2022
313,PS,SI1,J,0.3,0.39,900, 8/5/2022
314,PS,SI2,J,0.3,0.39,800, 8/5/2022
315,PS,SI3,J,0.3,0.39,700, 8/5/2022
316,PS,I1,J,0.3,0.39,600, 8/5/2022
317,PS,I2,J,0.3,0.39,500, 8/5/2022
318,PS,I3,J,0.3,0.39,300, 8/5/2022
319,PS,IF,K,0.3,0.39,1200, 8/5/2022
320,PS,VVS1,K,0.3,0.39,1100, 8/5/2022
321,PS,VVS2,K,0.3,0.39,1000, 8/5/2022
322,PS,VS1,K,0.3,0.39,900, 8/5/2022
323,PS,VS2,K,0.3,0.39,900, 8/5/2022
324,PS,SI1,K,0.3,0.39,800, 8/5/2022
325,PS,SI2,K,0.3,0.39,700, 8/5/2022
326,PS,SI3,K,0.3,0.39,700, 8/5/2022
327,PS,I1,K,0.3,0.39,600, 8/5/2022
328,PS,I2,K,0.3,0.39,500, 8/5/2022
329,PS,I3,K,0.3,0.39,300, 8/5/2022
330,PS,IF,L,0.3,0.39,1000, 8/5/2022
331,PS,VVS1,L,0.3,0.39,900, 8/5/2022
332,PS,VVS2,L,0.3,0.39,900, 8/5/2022
333,PS,VS1,L,0.3,0.39,800, 8/5/2022
334,PS,VS2,L,0.3,0.39,800, 8/5/2022
335,PS,SI1,L,0.3,0.39,800, 8/5/2022
336,PS,SI2,L,0.3,0.39,700, 8/5/2022
337,PS,SI3,L,0.3,0.39,600, 8/5/2022
338,PS,I1,L,0.3,0.39,500, 8/5/2022
339,PS,I2,L,0.3,0.39,400, 8/5/2022
340,PS,I3,L,0.3,0.39,200, 8/5/2022
341,PS,IF,M,0.3,0.39,900, 8/5/2022
342,PS,VVS1,M,0.3,0.39,900, 8/5/2022
343,PS,VVS2,M,0.3,0.39,900, 8/5/2022
344,PS,VS1,M,0.3,0.39,800, 8/5/2022
345,PS,VS2,M,0.3,0.39,800, 8/5/2022
346,PS,SI1,M,0.3,0.39,700, 8/5/2022
347,PS,SI2,M,0.3,0.39,600, 8/5/2022
348,PS,SI3,M,0.3,0.39,500, 8/5/2022
349,PS,I1,M,0.3,0.39,400, 8/5/2022
350,PS,I2,M,0.3,0.39,300, 8/5/2022
351,PS,I3,M,0.3,0.39,200, 8/5/2022
352,PS,IF,D,0.4,0.49,3400, 8/5/2022
353,PS,VVS1,D,0.4,0.49,3100, 8/5/2022
354,PS,VVS2,D,0.4,0.49,2900, 8/5/2022
355,PS,VS1,D,0.4,0.49,2700, 8/5/2022
356,PS,VS2,D,0.4,0.49,2400, 8/5/2022
357,PS,SI1,D,0.4,0.49,2100, 8/5/2022
358,PS,SI2,D,0.4,0.49,1700, 8/5/2022
359,PS,SI3,D,0.4,0.49,1500, 8/5/2022
360,PS,I1,D,0.4,0.49,1200, 8/5/2022
361,PS,I2,D,0.4,0.49,900, 8/5/2022
362,PS,I3,D,0.4,0.49,700, 8/5/2022
363,PS,IF,E,0.4,0.49,3200, 8/5/2022
364,PS,VVS1,E,0.4,0.49,2900, 8/5/2022
365,PS,VVS2,E,0.4,0.49,2700, 8/5/2022
366,PS,VS1,E,0.4,0.49,2500, 8/5/2022
367,PS,VS2,E,0.4,0.49,2300, 8/5/2022
368,PS,SI1,E,0.4,0.49,2000, 8/5/2022
369,PS,SI2,E,0.4,0.49,1600, 8/5/2022
370,PS,SI3,E,0.4,0.49,1400, 8/5/2022
371,PS,I1,E,0.4,0.49,1100, 8/5/2022
372,PS,I2,E,0.4,0.49,900, 8/5/2022
373,PS,I3,E,0.4,0.49,600, 8/5/2022
374,PS,IF,F,0.4,0.49,3000, 8/5/2022
375,PS,VVS1,F,0.4,0.49,2800, 8/5/2022
376,PS,VVS2,F,0.4,0.49,2600, 8/5/2022
377,PS,VS1,F,0.4,0.49,2400, 8/5/2022
378,PS,VS2,F,0.4,0.49,2200, 8/5/2022
379,PS,SI1,F,0.4,0.49,1900, 8/5/2022
380,PS,SI2,F,0.4,0.49,1500, 8/5/2022
381,PS,SI3,F,0.4,0.49,1300, 8/5/2022
382,PS,I1,F,0.4,0.49,1000, 8/5/2022
383,PS,I2,F,0.4,0.49,800, 8/5/2022
384,PS,I3,F,0.4,0.49,500, 8/5/2022
385,PS,IF,G,0.4,0.49,2800, 8/5/2022
386,PS,VVS1,G,0.4,0.49,2600, 8/5/2022
387,PS,VVS2,G,0.4,0.49,2400, 8/5/2022
388,PS,VS1,G,0.4,0.49,2300, 8/5/2022
389,PS,VS2,G,0.4,0.49,2100, 8/5/2022
390,PS,SI1,G,0.4,0.49,1800, 8/5/2022
391,PS,SI2,G,0.4,0.49,1400, 8/5/2022
392,PS,SI3,G,0.4,0.49,1200, 8/5/2022
393,PS,I1,G,0.4,0.49,1000, 8/5/2022
394,PS,I2,G,0.4,0.49,800, 8/5/2022
395,PS,I3,G,0.4,0.49,500, 8/5/2022
396,PS,IF,H,0.4,0.49,2500, 8/5/2022
397,PS,VVS1,H,0.4,0.49,2400, 8/5/2022
398,PS,VVS2,H,0.4,0.49,2200, 8/5/2022
399,PS,VS1,H,0.4,0.49,2100, 8/5/2022
400,PS,VS2,H,0.4,0.49,1900, 8/5/2022
401,PS,SI1,H,0.4,0.49,1700, 8/5/2022
402,PS,SI2,H,0.4,0.49,1300, 8/5/2022
403,PS,SI3,H,0.4,0.49,1100, 8/5/2022
404,PS,I1,H,0.4,0.49,900, 8/5/2022
405,PS,I2,H,0.4,0.49,700, 8/5/2022
406,PS,I3,H,0.4,0.49,500, 8/5/2022
407,PS,IF,I,0.4,0.49,2200, 8/5/2022
408,PS,VVS1,I,0.4,0.49,2100, 8/5/2022
409,PS,VVS2,I,0.4,0.49,2000, 8/5/2022
410,PS,VS1,I,0.4,0.49,1900, 8/5/2022
411,PS,VS2,I,0.4,0.49,1700, 8/5/2022
412,PS,SI1,I,0.4,0.49,1500, 8/5/2022
413,PS,SI2,I,0.4,0.49,1200, 8/5/2022
414,PS,SI3,I,0.4,0.49,1000, 8/5/2022
415,PS,I1,I,0.4,0.49,800, 8/5/2022
416,PS,I2,I,0.4,0.49,700, 8/5/2022
417,PS,I3,I,0.4,0.49,400, 8/5/2022
418,PS,IF,J,0.4,0.49,1800, 8/5/2022
419,PS,VVS1,J,0.4,0.49,1700, 8/5/2022
420,PS,VVS2,J,0.4,0.49,1600, 8/5/2022
421,PS,VS1,J,0.4,0.49,1500, 8/5/2022
422,PS,VS2,J,0.4,0.49,1400, 8/5/2022
423,PS,SI1,J,0.4,0.49,1200, 8/5/2022
424,PS,SI2,J,0.4,0.49,1100, 8/5/2022
425,PS,SI3,J,0.4,0.49,900, 8/5/2022
426,PS,I1,J,0.4,0.49,700, 8/5/2022
427,PS,I2,J,0.4,0.49,600, 8/5/2022
428,PS,I3,J,0.4,0.49,400, 8/5/2022
429,PS,IF,K,0.4,0.49,1500, 8/5/2022
430,PS,VVS1,K,0.4,0.49,1400, 8/5/2022
431,PS,VVS2,K,0.4,0.49,1300, 8/5/2022
432,PS,VS1,K,0.4,0.49,1200, 8/5/2022
433,PS,VS2,K,0.4,0.49,1100, 8/5/2022
434,PS,SI1,K,0.4,0.49,1000, 8/5/2022
435,PS,SI2,K,0.4,0.49,900, 8/5/2022
436,PS,SI3,K,0.4,0.49,800, 8/5/2022
437,PS,I1,K,0.4,0.49,700, 8/5/2022
438,PS,I2,K,0.4,0.49,600, 8/5/2022
439,PS,I3,K,0.4,0.49,400, 8/5/2022
440,PS,IF,L,0.4,0.49,1300, 8/5/2022
441,PS,VVS1,L,0.4,0.49,1200, 8/5/2022
442,PS,VVS2,L,0.4,0.49,1100, 8/5/2022
443,PS,VS1,L,0.4,0.49,1000, 8/5/2022
444,PS,VS2,L,0.4,0.49,1000, 8/5/2022
445,PS,SI1,L,0.4,0.49,900, 8/5/2022
446,PS,SI2,L,0.4,0.49,800, 8/5/2022
447,PS,SI3,L,0.4,0.49,700, 8/5/2022
448,PS,I1,L,0.4,0.49,600, 8/5/2022
449,PS,I2,L,0.4,0.49,500, 8/5/2022
450,PS,I3,L,0.4,0.49,300, 8/5/2022
451,PS,IF,M,0.4,0.49,1200, 8/5/2022
452,PS,VVS1,M,0.4,0.49,1100, 8/5/2022
453,PS,VVS2,M,0.4,0.49,1000, 8/5/2022
454,PS,VS1,M,0.4,0.49,900, 8/5/2022
455,PS,VS2,M,0.4,0.49,900, 8/5/2022
456,PS,SI1,M,0.4,0.49,800, 8/5/2022
457,PS,SI2,M,0.4,0.49,700, 8/5/2022
458,PS,SI3,M,0.4,0.49,600, 8/5/2022
459,PS,I1,M,0.4,0.49,500, 8/5/2022
460,PS,I2,M,0.4,0.49,400, 8/5/2022
461,PS,I3,M,0.4,0.49,300, 8/5/2022
462,PS,IF,D,0.5,0.69,4300, 8/5/2022
463,PS,VVS1,D,0.5,0.69,3800, 8/5/2022
464,PS,VVS2,D,0.5,0.69,3600, 8/5/2022
465,PS,VS1,D,0.5,0.69,3400, 8/5/2022
466,PS,VS2,D,0.5,0.69,3200, 8/5/2022
467,PS,SI1,D,0.5,0.69,2700, 8/5/2022
468,PS,SI2,D,0.5,0.69,2300, 8/5/2022
469,PS,SI3,D,0.5,0.69,2000, 8/5/2022
470,PS,I1,D,0.5,0.69,1700, 8/5/2022
471,PS,I2,D,0.5,0.69,1300, 8/5/2022
472,PS,I3,D,0.5,0.69,900, 8/5/2022
473,PS,IF,E,0.5,0.69,3800, 8/5/2022
474,PS,VVS1,E,0.5,0.69,3600, 8/5/2022
475,PS,VVS2,E,0.5,0.69,3400, 8/5/2022
476,PS,VS1,E,0.5,0.69,3200, 8/5/2022
477,PS,VS2,E,0.5,0.69,3000, 8/5/2022
478,PS,SI1,E,0.5,0.69,2500, 8/5/2022
479,PS,SI2,E,0.5,0.69,2100, 8/5/2022
480,PS,SI3,E,0.5,0.69,1800, 8/5/2022
481,PS,I1,E,0.5,0.69,1600, 8/5/2022
482,PS,I2,E,0.5,0.69,1200, 8/5/2022
483,PS,I3,E,0.5,0.69,800, 8/5/2022
484,PS,IF,F,0.5,0.69,3600, 8/5/2022
485,PS,VVS1,F,0.5,0.69,3400, 8/5/2022
486,PS,VVS2,F,0.5,0.69,3200, 8/5/2022
487,PS,VS1,F,0.5,0.69,3100, 8/5/2022
488,PS,VS2,F,0.5,0.69,2900, 8/5/2022
489,PS,SI1,F,0.5,0.69,2400, 8/5/2022
490,PS,SI2,F,0.5,0.69,2000, 8/5/2022
491,PS,SI3,F,0.5,0.69,1700, 8/5/2022
492,PS,I1,F,0.5,0.69,1500, 8/5/2022
493,PS,I2,F,0.5,0.69,1100, 8/5/2022
494,PS,I3,F,0.5,0.69,700, 8/5/2022
495,PS,IF,G,0.5,0.69,3400, 8/5/2022
496,PS,VVS1,G,0.5,0.69,3200, 8/5/2022
497,PS,VVS2,G,0.5,0.69,3000, 8/5/2022
498,PS,VS1,G,0.5,0.69,2900, 8/5/2022
499,PS,VS2,G,0.5,0.69,2800, 8/5/2022
500,PS,SI1,G,0.5,0.69,2300, 8/5/2022
501,PS,SI2,G,0.5,0.69,1900, 8/5/2022
502,PS,SI3,G,0.5,0.69,1600, 8/5/2022
503,PS,I1,G,0.5,0.69,1400, 8/5/2022
504,PS,I2,G,0.5,0.69,1000, 8/5/2022
505,PS,I3,G,0.5,0.69,700, 8/5/2022
506,PS,IF,H,0.5,0.69,3100, 8/5/2022
507,PS,VVS1,H,0.5,0.69,3000, 8/5/2022
508,PS,VVS2,H,0.5,0.69,2800, 8/5/2022
509,PS,VS1,H,0.5,0.69,2700, 8/5/2022
510,PS,VS2,H,0.5,0.69,2600, 8/5/2022
511,PS,SI1,H,0.5,0.69,2200, 8/5/2022
512,PS,SI2,H,0.5,0.69,1800, 8/5/2022
513,PS,SI3,H,0.5,0.69,1500, 8/5/2022
514,PS,I1,H,0.5,0.69,1300, 8/5/2022
515,PS,I2,H,0.5,0.69,900, 8/5/2022
516,PS,I3,H,0.5,0.69,700, 8/5/2022
517,PS,IF,I,0.5,0.69,2800, 8/5/2022
518,PS,VVS1,I,0.5,0.69,2700, 8/5/2022
519,PS,VVS2,I,0.5,0.69,2600, 8/5/2022
520,PS,VS1,I,0.5,0.69,2500, 8/5/2022
521,PS,VS2,I,0.5,0.69,2400, 8/5/2022
522,PS,SI1,I,0.5,0.69,2000, 8/5/2022
523,PS,SI2,I,0.5,0.69,1700, 8/5/2022
524,PS,SI3,I,0.5,0.69,1400, 8/5/2022
525,PS,I1,I,0.5,0.69,1200, 8/5/2022
526,PS,I2,I,0.5,0.69,900, 8/5/2022
527,PS,I3,I,0.5,0.69,600, 8/5/2022
528,PS,IF,J,0.5,0.69,2300, 8/5/2022
529,PS,VVS1,J,0.5,0.69,2200, 8/5/2022
530,PS,VVS2,J,0.5,0.69,2100, 8/5/2022
531,PS,VS1,J,0.5,0.69,2000, 8/5/2022
532,PS,VS2,J,0.5,0.69,1900, 8/5/2022
533,PS,SI1,J,0.5,0.69,1800, 8/5/2022
534,PS,SI2,J,0.5,0.69,1600, 8/5/2022
535,PS,SI3,J,0.5,0.69,1300, 8/5/2022
536,PS,I1,J,0.5,0.69,1100, 8/5/2022
537,PS,I2,J,0.5,0.69,800, 8/5/2022
538,PS,I3,J,0.5,0.69,600, 8/5/2022
539,PS,IF,K,0.5,0.69,1900, 8/5/2022
540,PS,VVS1,K,0.5,0.69,1800, 8/5/2022
541,PS,VVS2,K,0.5,0.69,1700, 8/5/2022
542,PS,VS1,K,0.5,0.69,1600, 8/5/2022
543,PS,VS2,K,0.5,0.69,1500, 8/5/2022
544,PS,SI1,K,0.5,0.69,1400, 8/5/2022
545,PS,SI2,K,0.5,0.69,1300, 8/5/2022
546,PS,SI3,K,0.5,0.69,1100, 8/5/2022
547,PS,I1,K,0.5,0.69,900, 8/5/2022
548,PS,I2,K,0.5,0.69,700, 8/5/2022
549,PS,I3,K,0.5,0.69,600, 8/5/2022
550,PS,IF,L,0.5,0.69,1600, 8/5/2022
551,PS,VVS1,L,0.5,0.69,1500, 8/5/2022
552,PS,VVS2,L,0.5,0.69,1400, 8/5/2022
553,PS,VS1,L,0.5,0.69,1300, 8/5/2022
554,PS,VS2,L,0.5,0.69,1200, 8/5/2022
555,PS,SI1,L,0.5,0.69,1200, 8/5/2022
556,PS,SI2,L,0.5,0.69,1100, 8/5/2022
557,PS,SI3,L,0.5,0.69,1000, 8/5/2022
558,PS,I1,L,0.5,0.69,800, 8/5/2022
559,PS,I2,L,0.5,0.69,700, 8/5/2022
560,PS,I3,L,0.5,0.69,500, 8/5/2022
561,PS,IF,M,0.5,0.69,1400, 8/5/2022
562,PS,VVS1,M,0.5,0.69,1300, 8/5/2022
563,PS,VVS2,M,0.5,0.69,1200, 8/5/2022
564,PS,VS1,M,0.5,0.69,1100, 8/5/2022
565,PS,VS2,M,0.5,0.69,1000, 8/5/2022
566,PS,SI1,M,0.5,0.69,1000, 8/5/2022
567,PS,SI2,M,0.5,0.69,900, 8/5/2022
568,PS,SI3,M,0.5,0.69,800, 8/5/2022
569,PS,I1,M,0.5,0.69,700, 8/5/2022
570,PS,I2,M,0.5,0.69,600, 8/5/2022
571,PS,I3,M,0.5,0.69,400, 8/5/2022
572,PS,IF,D,0.7,0.89,6200, 8/5/2022
573,PS,VVS1,D,0.7,0.89,5600, 8/5/2022
574,PS,VVS2,D,0.7,0.89,5300, 8/5/2022
575,PS,VS1,D,0.7,0.89,5000, 8/5/2022
576,PS,VS2,D,0.7,0.89,4700, 8/5/2022
577,PS,SI1,D,0.7,0.89,4200, 8/5/2022
578,PS,SI2,D,0.7,0.89,3600, 8/5/2022
579,PS,SI3,D,0.7,0.89,3100, 8/5/2022
580,PS,I1,D,0.7,0.89,2400, 8/5/2022
581,PS,I2,D,0.7,0.89,1600, 8/5/2022
582,PS,I3,D,0.7,0.89,1000, 8/5/2022
583,PS,IF,E,0.7,0.89,5600, 8/5/2022
584,PS,VVS1,E,0.7,0.89,5300, 8/5/2022
585,PS,VVS2,E,0.7,0.89,5000, 8/5/2022
586,PS,VS1,E,0.7,0.89,4800, 8/5/2022
587,PS,VS2,E,0.7,0.89,4500, 8/5/2022
588,PS,SI1,E,0.7,0.89,4000, 8/5/2022
589,PS,SI2,E,0.7,0.89,3400, 8/5/2022
590,PS,SI3,E,0.7,0.89,2900, 8/5/2022
591,PS,I1,E,0.7,0.89,2300, 8/5/2022
592,PS,I2,E,0.7,0.89,1500, 8/5/2022
593,PS,I3,E,0.7,0.89,900, 8/5/2022
594,PS,IF,F,0.7,0.89,5300, 8/5/2022
595,PS,VVS1,F,0.7,0.89,5000, 8/5/2022
596,PS,VVS2,F,0.7,0.89,4800, 8/5/2022
597,PS,VS1,F,0.7,0.89,4600, 8/5/2022
598,PS,VS2,F,0.7,0.89,4300, 8/5/2022
599,PS,SI1,F,0.7,0.89,3800, 8/5/2022
600,PS,SI2,F,0.7,0.89,3200, 8/5/2022
601,PS,SI3,F,0.7,0.89,2700, 8/5/2022
602,PS,I1,F,0.7,0.89,2200, 8/5/2022
603,PS,I2,F,0.7,0.89,1400, 8/5/2022
604,PS,I3,F,0.7,0.89,900, 8/5/2022
605,PS,IF,G,0.7,0.89,5000, 8/5/2022
606,PS,VVS1,G,0.7,0.89,4700, 8/5/2022
607,PS,VVS2,G,0.7,0.89,4500, 8/5/2022
608,PS,VS1,G,0.7,0.89,4300, 8/5/2022
609,PS,VS2,G,0.7,0.89,4000, 8/5/2022
610,PS,SI1,G,0.7,0.89,3500, 8/5/2022
611,PS,SI2,G,0.7,0.89,3000, 8/5/2022
612,PS,SI3,G,0.7,0.89,2500, 8/5/2022
613,PS,I1,G,0.7,0.89,2100, 8/5/2022
614,PS,I2,G,0.7,0.89,1400, 8/5/2022
615,PS,I3,G,0.7,0.89,800, 8/5/2022
616,PS,IF,H,0.7,0.89,4600, 8/5/2022
617,PS,VVS1,H,0.7,0.89,4300, 8/5/2022
618,PS,VVS2,H,0.7,0.89,4100, 8/5/2022
619,PS,VS1,H,0.7,0.89,3900, 8/5/2022
620,PS,VS2,H,0.7,0.89,3600, 8/5/2022
621,PS,SI1,H,0.7,0.89,3200, 8/5/2022
622,PS,SI2,H,0.7,0.89,2800, 8/5/2022
623,PS,SI3,H,0.7,0.89,2300, 8/5/2022
624,PS,I1,H,0.7,0.89,2000, 8/5/2022
625,PS,I2,H,0.7,0.89,1300, 8/5/2022
626,PS,I3,H,0.7,0.89,800, 8/5/2022
627,PS,IF,I,0.7,0.89,3800, 8/5/2022
628,PS,VVS1,I,0.7,0.89,3600, 8/5/2022
629,PS,VVS2,I,0.7,0.89,3400, 8/5/2022
630,PS,VS1,I,0.7,0.89,3200, 8/5/2022
631,PS,VS2,I,0.7,0.89,3100, 8/5/2022
632,PS,SI1,I,0.7,0.89,2900, 8/5/2022
633,PS,SI2,I,0.7,0.89,2600, 8/5/2022
634,PS,SI3,I,0.7,0.89,2100, 8/5/2022
635,PS,I1,I,0.7,0.89,1800, 8/5/2022
636,PS,I2,I,0.7,0.89,1200, 8/5/2022
637,PS,I3,I,0.7,0.89,800, 8/5/2022
638,PS,IF,J,0.7,0.89,3000, 8/5/2022
639,PS,VVS1,J,0.7,0.89,2900, 8/5/2022
640,PS,VVS2,J,0.7,0.89,2800, 8/5/2022
641,PS,VS1,J,0.7,0.89,2700, 8/5/2022
642,PS,VS2,J,0.7,0.89,2600, 8/5/2022
643,PS,SI1,J,0.7,0.89,2500, 8/5/2022
644,PS,SI2,J,0.7,0.89,2300, 8/5/2022
645,PS,SI3,J,0.7,0.89,1900, 8/5/2022
646,PS,I1,J,0.7,0.89,1500, 8/5/2022
647,PS,I2,J,0.7,0.89,1100, 8/5/2022
648,PS,I3,J,0.7,0.89,700, 8/5/2022
649,PS,IF,K,0.7,0.89,2500, 8/5/2022
650,PS,VVS1,K,0.7,0.89,2400, 8/5/2022
651,PS,VVS2,K,0.7,0.89,2300, 8/5/2022
652,PS,VS1,K,0.7,0.89,2200, 8/5/2022
653,PS,VS2,K,0.7,0.89,2100, 8/5/2022
654,PS,SI1,K,0.7,0.89,2000, 8/5/2022
655,PS,SI2,K,0.7,0.89,1900, 8/5/2022
656,PS,SI3,K,0.7,0.89,1700, 8/5/2022
657,PS,I1,K,0.7,0.89,1400, 8/5/2022
658,PS,I2,K,0.7,0.89,1000, 8/5/2022
659,PS,I3,K,0.7,0.89,700, 8/5/2022
660,PS,IF,L,0.7,0.89,2200, 8/5/2022
661,PS,VVS1,L,0.7,0.89,2100, 8/5/2022
662,PS,VVS2,L,0.7,0.89,2000, 8/5/2022
663,PS,VS1,L,0.7,0.89,1900, 8/5/2022
664,PS,VS2,L,0.7,0.89,1800, 8/5/2022
665,PS,SI1,L,0.7,0.89,1700, 8/5/2022
666,PS,SI2,L,0.7,0.89,1600, 8/5/2022
667,PS,SI3,L,0.7,0.89,1500, 8/5/2022
668,PS,I1,L,0.7,0.89,1100, 8/5/2022
669,PS,I2,L,0.7,0.89,800, 8/5/2022
670,PS,I3,L,0.7,0.89,600, 8/5/2022
671,PS,IF,M,0.7,0.89,2000, 8/5/2022
672,PS,VVS1,M,0.7,0.89,1900, 8/5/2022
673,PS,VVS2,M,0.7,0.89,1800, 8/5/2022
674,PS,VS1,M,0.7,0.89,1700, 8/5/2022
675,PS,VS2,M,0.7,0.89,1600, 8/5/2022
676,PS,SI1,M,0.7,0.89,1500, 8/5/2022
677,PS,SI2,M,0.7,0.89,1400, 8/5/2022
678,PS,SI3,M,0.7,0.89,1200, 8/5/2022
679,PS,I1,M,0.7,0.89,900, 8/5/2022
680,PS,I2,M,0.7,0.89,700, 8/5/2022
681,PS,I3,M,0.7,0.89,500, 8/5/2022
682,PS,IF,D,0.9,0.99,9200, 8/5/2022
683,PS,VVS1,D,0.9,0.99,7800, 8/5/2022
684,PS,VVS2,D,0.9,0.99,7100, 8/5/2022
685,PS,VS1,D,0.9,0.99,6500, 8/5/2022
686,PS,VS2,D,0.9,0.99,6000, 8/5/2022
687,PS,SI1,D,0.9,0.99,5200, 8/5/2022
688,PS,SI2,D,0.9,0.99,4600, 8/5/2022
689,PS,SI3,D,0.9,0.99,3700, 8/5/2022
690,PS,I1,D,0.9,0.99,2700, 8/5/2022
691,PS,I2,D,0.9,0.99,1800, 8/5/2022
692,PS,I3,D,0.9,0.99,1100, 8/5/2022
693,PS,IF,E,0.9,0.99,7700, 8/5/2022
694,PS,VVS1,E,0.9,0.99,7100, 8/5/2022
695,PS,VVS2,E,0.9,0.99,6500, 8/5/2022
696,PS,VS1,E,0.9,0.99,6000, 8/5/2022
697,PS,VS2,E,0.9,0.99,5700, 8/5/2022
698,PS,SI1,E,0.9,0.99,5000, 8/5/2022
699,PS,SI2,E,0.9,0.99,4400, 8/5/2022
700,PS,SI3,E,0.9,0.99,3500, 8/5/2022
701,PS,I1,E,0.9,0.99,2600, 8/5/2022
702,PS,I2,E,0.9,0.99,1700, 8/5/2022
703,PS,I3,E,0.9,0.99,1000, 8/5/2022
704,PS,IF,F,0.9,0.99,6900, 8/5/2022
705,PS,VVS1,F,0.9,0.99,6400, 8/5/2022
706,PS,VVS2,F,0.9,0.99,6000, 8/5/2022
707,PS,VS1,F,0.9,0.99,5700, 8/5/2022
708,PS,VS2,F,0.9,0.99,5500, 8/5/2022
709,PS,SI1,F,0.9,0.99,4800, 8/5/2022
710,PS,SI2,F,0.9,0.99,4200, 8/5/2022
711,PS,SI3,F,0.9,0.99,3300, 8/5/2022
712,PS,I1,F,0.9,0.99,2500, 8/5/2022
713,PS,I2,F,0.9,0.99,1600, 8/5/2022
714,PS,I3,F,0.9,0.99,1000, 8/5/2022
715,PS,IF,G,0.9,0.99,6200, 8/5/2022
716,PS,VVS1,G,0.9,0.99,5900, 8/5/2022
717,PS,VVS2,G,0.9,0.99,5600, 8/5/2022
718,PS,VS1,G,0.9,0.99,5400, 8/5/2022
719,PS,VS2,G,0.9,0.99,5200, 8/5/2022
720,PS,SI1,G,0.9,0.99,4600, 8/5/2022
721,PS,SI2,G,0.9,0.99,4000, 8/5/2022
722,PS,SI3,G,0.9,0.99,3100, 8/5/2022
723,PS,I1,G,0.9,0.99,2400, 8/5/2022
724,PS,I2,G,0.9,0.99,1600, 8/5/2022
725,PS,I3,G,0.9,0.99,900, 8/5/2022
726,PS,IF,H,0.9,0.99,5600, 8/5/2022
727,PS,VVS1,H,0.9,0.99,5400, 8/5/2022
728,PS,VVS2,H,0.9,0.99,5200, 8/5/2022
729,PS,VS1,H,0.9,0.99,4900, 8/5/2022
730,PS,VS2,H,0.9,0.99,4700, 8/5/2022
731,PS,SI1,H,0.9,0.99,4200, 8/5/2022
732,PS,SI2,H,0.9,0.99,3700, 8/5/2022
733,PS,SI3,H,0.9,0.99,2900, 8/5/2022
734,PS,I1,H,0.9,0.99,2300, 8/5/2022
735,PS,I2,H,0.9,0.99,1500, 8/5/2022
736,PS,I3,H,0.9,0.99,900, 8/5/2022
737,PS,IF,I,0.9,0.99,4800, 8/5/2022
738,PS,VVS1,I,0.9,0.99,4600, 8/5/2022
739,PS,VVS2,I,0.9,0.99,4400, 8/5/2022
740,PS,VS1,I,0.9,0.99,4200, 8/5/2022
741,PS,VS2,I,0.9,0.99,4000, 8/5/2022
742,PS,SI1,I,0.9,0.99,3700, 8/5/2022
743,PS,SI2,I,0.9,0.99,3400, 8/5/2022
744,PS,SI3,I,0.9,0.99,2700, 8/5/2022
745,PS,I1,I,0.9,0.99,2100, 8/5/2022
746,PS,I2,I,0.9,0.99,1400, 8/5/2022
747,PS,I3,I,0.9,0.99,900, 8/5/2022
748,PS,IF,J,0.9,0.99,3900, 8/5/2022
749,PS,VVS1,J,0.9,0.99,3700, 8/5/2022
750,PS,VVS2,J,0.9,0.99,3600, 8/5/2022
751,PS,VS1,J,0.9,0.99,3500, 8/5/2022
752,PS,VS2,J,0.9,0.99,3300, 8/5/2022
753,PS,SI1,J,0.9,0.99,3100, 8/5/2022
754,PS,SI2,J,0.9,0.99,2800, 8/5/2022
755,PS,SI3,J,0.9,0.99,2300, 8/5/2022
756,PS,I1,J,0.9,0.99,1900, 8/5/2022
757,PS,I2,J,0.9,0.99,1300, 8/5/2022
758,PS,I3,J,0.9,0.99,800, 8/5/2022
759,PS,IF,K,0.9,0.99,3200, 8/5/2022
760,PS,VVS1,K,0.9,0.99,3000, 8/5/2022
761,PS,VVS2,K,0.9,0.99,2900, 8/5/2022
762,PS,VS1,K,0.9,0.99,2800, 8/5/2022
763,PS,VS2,K,0.9,0.99,2700, 8/5/2022
764,PS,SI1,K,0.9,0.99,2600, 8/5/2022
765,PS,SI2,K,0.9,0.99,2400, 8/5/2022
766,PS,SI3,K,0.9,0.99,2000, 8/5/2022
767,PS,I1,K,0.9,0.99,1600, 8/5/2022
768,PS,I2,K,0.9,0.99,1200, 8/5/2022
769,PS,I3,K,0.9,0.99,800, 8/5/2022
770,PS,IF,L,0.9,0.99,2600, 8/5/2022
771,PS,VVS1,L,0.9,0.99,2500, 8/5/2022
772,PS,VVS2,L,0.9,0.99,2400, 8/5/2022
773,PS,VS1,L,0.9,0.99,2300, 8/5/2022
774,PS,VS2,L,0.9,0.99,2200, 8/5/2022
775,PS,SI1,L,0.9,0.99,2100, 8/5/2022
776,PS,SI2,L,0.9,0.99,2000, 8/5/2022
777,PS,SI3,L,0.9,0.99,1700, 8/5/2022
778,PS,I1,L,0.9,0.99,1300, 8/5/2022
779,PS,I2,L,0.9,0.99,1000, 8/5/2022
780,PS,I3,L,0.9,0.99,700, 8/5/2022
781,PS,IF,M,0.9,0.99,2200, 8/5/2022
782,PS,VVS1,M,0.9,0.99,2100, 8/5/2022
783,PS,VVS2,M,0.9,0.99,2000, 8/5/2022
784,PS,VS1,M,0.9,0.99,1900, 8/5/2022
785,PS,VS2,M,0.9,0.99,1800, 8/5/2022
786,PS,SI1,M,0.9,0.99,1700, 8/5/2022
787,PS,SI2,M,0.9,0.99,1600, 8/5/2022
788,PS,SI3,M,0.9,0.99,1500, 8/5/2022
789,PS,I1,M,0.9,0.99,1100, 8/5/2022
790,PS,I2,M,0.9,0.99,900, 8/5/2022
791,PS,I3,M,0.9,0.99,700, 8/5/2022
792,PS,IF,D,1.0,1.49,12500, 8/5/2022
793,PS,VVS1,D,1.0,1.49,10400, 8/5/2022
794,PS,VVS2,D,1.0,1.49,9400, 8/5/2022
795,PS,VS1,D,1.0,1.49,8500, 8/5/2022
796,PS,VS2,D,1.0,1.49,7500, 8/5/2022
797,PS,SI1,D,1.0,1.49,6500, 8/5/2022
798,PS,SI2,D,1.0,1.49,5500, 8/5/2022
799,PS,SI3,D,1.0,1.49,4300, 8/5/2022
800,PS,I1,D,1.0,1.49,3300, 8/5/2022
801,PS,I2,D,1.0,1.49,2100, 8/5/2022
802,PS,I3,D,1.0,1.49,1300, 8/5/2022
803,PS,IF,E,1.0,1.49,10400, 8/5/2022
804,PS,VVS1,E,1.0,1.49,9400, 8/5/2022
805,PS,VVS2,E,1.0,1.49,8700, 8/5/2022
806,PS,VS1,E,1.0,1.49,8000, 8/5/2022
807,PS,VS2,E,1.0,1.49,7200, 8/5/2022
808,PS,SI1,E,1.0,1.49,6200, 8/5/2022
809,PS,SI2,E,1.0,1.49,5300, 8/5/2022
810,PS,SI3,E,1.0,1.49,4100, 8/5/2022
811,PS,I1,E,1.0,1.49,3200, 8/5/2022
812,PS,I2,E,1.0,1.49,2000, 8/5/2022
813,PS,I3,E,1.0,1.49,1200, 8/5/2022
814,PS,IF,F,1.0,1.49,9400, 8/5/2022
815,PS,VVS1,F,1.0,1.49,8500, 8/5/2022
816,PS,VVS2,F,1.0,1.49,8000, 8/5/2022
817,PS,VS1,F,1.0,1.49,7500, 8/5/2022
818,PS,VS2,F,1.0,1.49,6900, 8/5/2022
819,PS,SI1,F,1.0,1.49,5900, 8/5/2022
820,PS,SI2,F,1.0,1.49,5000, 8/5/2022
821,PS,SI3,F,1.0,1.49,3900, 8/5/2022
822,PS,I1,F,1.0,1.49,3100, 8/5/2022
823,PS,I2,F,1.0,1.49,2000, 8/5/2022
824,PS,I3,F,1.0,1.49,1100, 8/5/2022
825,PS,IF,G,1.0,1.49,8100, 8/5/2022
826,PS,VVS1,G,1.0,1.49,7700, 8/5/2022
827,PS,VVS2,G,1.0,1.49,7300, 8/5/2022
828,PS,VS1,G,1.0,1.49,7000, 8/5/2022
829,PS,VS2,G,1.0,1.49,6600, 8/5/2022
830,PS,SI1,G,1.0,1.49,5600, 8/5/2022
831,PS,SI2,G,1.0,1.49,4800, 8/5/2022
832,PS,SI3,G,1.0,1.49,3700, 8/5/2022
833,PS,I1,G,1.0,1.49,2900, 8/5/2022
834,PS,I2,G,1.0,1.49,1900, 8/5/2022
835,PS,I3,G,1.0,1.49,1000, 8/5/2022
836,PS,IF,H,1.0,1.49,6900, 8/5/2022
837,PS,VVS1,H,1.0,1.49,6600, 8/5/2022
838,PS,VVS2,H,1.0,1.49,6300, 8/5/2022
839,PS,VS1,H,1.0,1.49,6000, 8/5/2022
840,PS,VS2,H,1.0,1.49,5700, 8/5/2022
841,PS,SI1,H,1.0,1.49,5200, 8/5/2022
842,PS,SI2,H,1.0,1.49,4500, 8/5/2022
843,PS,SI3,H,1.0,1.49,3500, 8/5/2022
844,PS,I1,H,1.0,1.49,2700, 8/5/2022
845,PS,I2,H,1.0,1.49,1800, 8/5/2022
846,PS,I3,H,1.0,1.49,1000, 8/5/2022
847,PS,IF,I,1.0,1.49,5900, 8/5/2022
848,PS,VVS1,I,1.0,1.49,5600, 8/5/2022
849,PS,VVS2,I,1.0,1.49,5400, 8/5/2022
850,PS,VS1,I,1.0,1.49,5200, 8/5/2022
851,PS,VS2,I,1.0,1.49,4900, 8/5/2022
852,PS,SI1,I,1.0,1.49,4500, 8/5/2022
853,PS,SI2,I,1.0,1.49,4100, 8/5/2022
854,PS,SI3,I,1.0,1.49,3200, 8/5/2022
855,PS,I1,I,1.0,1.49,2500, 8/5/2022
856,PS,I2,I,1.0,1.49,1700, 8/5/2022
857,PS,I3,I,1.0,1.49,1000, 8/5/2022
858,PS,IF,J,1.0,1.49,4800, 8/5/2022
859,PS,VVS1,J,1.0,1.49,4600, 8/5/2022
860,PS,VVS2,J,1.0,1.49,4400, 8/5/2022
861,PS,VS1,J,1.0,1.49,4200, 8/5/2022
862,PS,VS2,J,1.0,1.49,4000, 8/5/2022
863,PS,SI1,J,1.0,1.49,3700, 8/5/2022
864,PS,SI2,J,1.0,1.49,3400, 8/5/2022
865,PS,SI3,J,1.0,1.49,2700, 8/5/2022
866,PS,I1,J,1.0,1.49,2200, 8/5/2022
867,PS,I2,J,1.0,1.49,1500, 8/5/2022
868,PS,I3,J,1.0,1.49,900, 8/5/2022
869,PS,IF,K,1.0,1.49,3900, 8/5/2022
870,PS,VVS1,K,1.0,1.49,3700, 8/5/2022
871,PS,VVS2,K,1.0,1.49,3500, 8/5/2022
872,PS,VS1,K,1.0,1.49,3300, 8/5/2022
873,PS,VS2,K,1.0,1.49,3200, 8/5/2022
874,PS,SI1,K,1.0,1.49,3000, 8/5/2022
875,PS,SI2,K,1.0,1.49,2800, 8/5/2022
876,PS,SI3,K,1.0,1.49,2300, 8/5/2022
877,PS,I1,K,1.0,1.49,1900, 8/5/2022
878,PS,I2,K,1.0,1.49,1400, 8/5/2022
879,PS,I3,K,1.0,1.49,900, 8/5/2022
880,PS,IF,L,1.0,1.49,3300, 8/5/2022
881,PS,VVS1,L,1.0,1.49,3100, 8/5/2022
882,PS,VVS2,L,1.0,1.49,2900, 8/5/2022
883,PS,VS1,L,1.0,1.49,2800, 8/5/2022
884,PS,VS2,L,1.0,1.49,2600, 8/5/2022
885,PS,SI1,L,1.0,1.49,2500, 8/5/2022
886,PS,SI2,L,1.0,1.49,2300, 8/5/2022
887,PS,SI3,L,1.0,1.49,2000, 8/5/2022
888,PS,I1,L,1.0,1.49,1700, 8/5/2022
889,PS,I2,L,1.0,1.49,1200, 8/5/2022
890,PS,I3,L,1.0,1.49,900, 8/5/2022
891,PS,IF,M,1.0,1.49,2700, 8/5/2022
892,PS,VVS1,M,1.0,1.49,2500, 8/5/2022
893,PS,VVS2,M,1.0,1.49,2300, 8/5/2022
894,PS,VS1,M,1.0,1.49,2200, 8/5/2022
895,PS,VS2,M,1.0,1.49,2100, 8/5/2022
896,PS,SI1,M,1.0,1.49,2000, 8/5/2022
897,PS,SI2,M,1.0,1.49,1900, 8/5/2022
898,PS,SI3,M,1.0,1.49,1800, 8/5/2022
899,PS,I1,M,1.0,1.49,1400, 8/5/2022
900,PS,I2,M,1.0,1.49,1000, 8/5/2022
901,PS,I3,M,1.0,1.49,800, 8/5/2022
902,PS,IF,D,1.5,1.99,18200, 8/5/2022
903,PS,VVS1,D,1.5,1.99,16400, 8/5/2022
904,PS,VVS2,D,1.5,1.99,15000, 8/5/2022
905,PS,VS1,D,1.5,1.99,13600, 8/5/2022
906,PS,VS2,D,1.5,1.99,12400, 8/5/2022
907,PS,SI1,D,1.5,1.99,11000, 8/5/2022
908,PS,SI2,D,1.5,1.99,9100, 8/5/2022
909,PS,SI3,D,1.5,1.99,7100, 8/5/2022
910,PS,I1,D,1.5,1.99,5300, 8/5/2022
911,PS,I2,D,1.5,1.99,2700, 8/5/2022
912,PS,I3,D,1.5,1.99,1500, 8/5/2022
913,PS,IF,E,1.5,1.99,16400, 8/5/2022
914,PS,VVS1,E,1.5,1.99,14900, 8/5/2022
915,PS,VVS2,E,1.5,1.99,13600, 8/5/2022
916,PS,VS1,E,1.5,1.99,12800, 8/5/2022
917,PS,VS2,E,1.5,1.99,11800, 8/5/2022
918,PS,SI1,E,1.5,1.99,10500, 8/5/2022
919,PS,SI2,E,1.5,1.99,8600, 8/5/2022
920,PS,SI3,E,1.5,1.99,6600, 8/5/2022
921,PS,I1,E,1.5,1.99,5000, 8/5/2022
922,PS,I2,E,1.5,1.99,2600, 8/5/2022
923,PS,I3,E,1.5,1.99,1400, 8/5/2022
924,PS,IF,F,1.5,1.99,14300, 8/5/2022
925,PS,VVS1,F,1.5,1.99,13400, 8/5/2022
926,PS,VVS2,F,1.5,1.99,12700, 8/5/2022
927,PS,VS1,F,1.5,1.99,12200, 8/5/2022
928,PS,VS2,F,1.5,1.99,11200, 8/5/2022
929,PS,SI1,F,1.5,1.99,9900, 8/5/2022
930,PS,SI2,F,1.5,1.99,8200, 8/5/2022
931,PS,SI3,F,1.5,1.99,6100, 8/5/2022
932,PS,I1,F,1.5,1.99,4700, 8/5/2022
933,PS,I2,F,1.5,1.99,2500, 8/5/2022
934,PS,I3,F,1.5,1.99,1300, 8/5/2022
935,PS,IF,G,1.5,1.99,12700, 8/5/2022
936,PS,VVS1,G,1.5,1.99,12200, 8/5/2022
937,PS,VVS2,G,1.5,1.99,11700, 8/5/2022
938,PS,VS1,G,1.5,1.99,11200, 8/5/2022
939,PS,VS2,G,1.5,1.99,10400, 8/5/2022
940,PS,SI1,G,1.5,1.99,9200, 8/5/2022
941,PS,SI2,G,1.5,1.99,7800, 8/5/2022
942,PS,SI3,G,1.5,1.99,5700, 8/5/2022
943,PS,I1,G,1.5,1.99,4400, 8/5/2022
944,PS,I2,G,1.5,1.99,2400, 8/5/2022
945,PS,I3,G,1.5,1.99,1200, 8/5/2022
946,PS,IF,H,1.5,1.99,10700, 8/5/2022
947,PS,VVS1,H,1.5,1.99,10300, 8/5/2022
948,PS,VVS2,H,1.5,1.99,9900, 8/5/2022
949,PS,VS1,H,1.5,1.99,9500, 8/5/2022
950,PS,VS2,H,1.5,1.99,9100, 8/5/2022
951,PS,SI1,H,1.5,1.99,8500, 8/5/2022
952,PS,SI2,H,1.5,1.99,7400, 8/5/2022
953,PS,SI3,H,1.5,1.99,5400, 8/5/2022
954,PS,I1,H,1.5,1.99,4100, 8/5/2022
955,PS,I2,H,1.5,1.99,2300, 8/5/2022
956,PS,I3,H,1.5,1.99,1100, 8/5/2022
957,PS,IF,I,1.5,1.99,8900, 8/5/2022
958,PS,VVS1,I,1.5,1.99,8500, 8/5/2022
959,PS,VVS2,I,1.5,1.99,8200, 8/5/2022
960,PS,VS1,I,1.5,1.99,7900, 8/5/2022
961,PS,VS2,I,1.5,1.99,7600, 8/5/2022
962,PS,SI1,I,1.5,1.99,7300, 8/5/2022
963,PS,SI2,I,1.5,1.99,6700, 8/5/2022
964,PS,SI3,I,1.5,1.99,5000, 8/5/2022
965,PS,I1,I,1.5,1.99,3800, 8/5/2022
966,PS,I2,I,1.5,1.99,2200, 8/5/2022
967,PS,I3,I,1.5,1.99,1100, 8/5/2022
968,PS,IF,J,1.5,1.99,7200, 8/5/2022
969,PS,VVS1,J,1.5,1.99,6900, 8/5/2022
970,PS,VVS2,J,1.5,1.99,6600, 8/5/2022
971,PS,VS1,J,1.5,1.99,6300, 8/5/2022
972,PS,VS2,J,1.5,1.99,6100, 8/5/2022
973,PS,SI1,J,1.5,1.99,5800, 8/5/2022
974,PS,SI2,J,1.5,1.99,5500, 8/5/2022
975,PS,SI3,J,1.5,1.99,4400, 8/5/2022
976,PS,I1,J,1.5,1.99,3500, 8/5/2022
977,PS,I2,J,1.5,1.99,2000, 8/5/2022
978,PS,I3,J,1.5,1.99,1100, 8/5/2022
979,PS,IF,K,1.5,1.99,5700, 8/5/2022
980,PS,VVS1,K,1.5,1.99,5500, 8/5/2022
981,PS,VVS2,K,1.5,1.99,5300, 8/5/2022
982,PS,VS1,K,1.5,1.99,5100, 8/5/2022
983,PS,VS2,K,1.5,1.99,4900, 8/5/2022
984,PS,SI1,K,1.5,1.99,4700, 8/5/2022
985,PS,SI2,K,1.5,1.99,4400, 8/5/2022
986,PS,SI3,K,1.5,1.99,3700, 8/5/2022
987,PS,I1,K,1.5,1.99,3200, 8/5/2022
988,PS,I2,K,1.5,1.99,1800, 8/5/2022
989,PS,I3,K,1.5,1.99,1000, 8/5/2022
990,PS,IF,L,1.5,1.99,4600, 8/5/2022
991,PS,VVS1,L,1.5,1.99,4400, 8/5/2022
992,PS,VVS2,L,1.5,1.99,4300, 8/5/2022
993,PS,VS1,L,1.5,1.99,4100, 8/5/2022
994,PS,VS2,L,1.5,1.99,4000, 8/5/2022
995,PS,SI1,L,1.5,1.99,3800, 8/5/2022
996,PS,SI2,L,1.5,1.99,3600, 8/5/2022
997,PS,SI3,L,1.5,1.99,3000, 8/5/2022
998,PS,I1,L,1.5,1.99,2700, 8/5/2022
999,PS,I2,L,1.5,1.99,1600, 8/5/2022
1000,PS,I3,L,1.5,1.99,1000, 8/5/2022
1001,PS,IF,M,1.5,1.99,3700, 8/5/2022
1002,PS,VVS1,M,1.5,1.99,3500, 8/5/2022
1003,PS,VVS2,M,1.5,1.99,3400, 8/5/2022
1004,PS,VS1,M,1.5,1.99,3300, 8/5/2022
1005,PS,VS2,M,1.5,1.99,3200, 8/5/2022
1006,PS,SI1,M,1.5,1.99,3000, 8/5/2022
1007,PS,SI2,M,1.5,1.99,2800, 8/5/2022
1008,PS,SI3,M,1.5,1.99,2600, 8/5/2022
1009,PS,I1,M,1.5,1.99,2300, 8/5/2022
1010,PS,I2,M,1.5,1.99,1500, 8/5/2022
1011,PS,I3,M,1.5,1.99,1000, 8/5/2022
1012,PS,IF,D,2.0,2.99,25500, 8/5/2022
1013,PS,VVS1,D,2.0,2.99,23500, 8/5/2022
1014,PS,VVS2,D,2.0,2.99,21000, 8/5/2022
1015,PS,VS1,D,2.0,2.99,19000, 8/5/2022
1016,PS,VS2,D,2.0,2.99,17500, 8/5/2022
1017,PS,SI1,D,2.0,2.99,15100, 8/5/2022
1018,PS,SI2,D,2.0,2.99,12100, 8/5/2022
1019,PS,SI3,D,2.0,2.99,8800, 8/5/2022
1020,PS,I1,D,2.0,2.99,6900, 8/5/2022
1021,PS,I2,D,2.0,2.99,3000, 8/5/2022
1022,PS,I3,D,2.0,2.99,1600, 8/5/2022
1023,PS,IF,E,2.0,2.99,23000, 8/5/2022
1024,PS,VVS1,E,2.0,2.99,21000, 8/5/2022
1025,PS,VVS2,E,2.0,2.99,19500, 8/5/2022
1026,PS,VS1,E,2.0,2.99,18000, 8/5/2022
1027,PS,VS2,E,2.0,2.99,16500, 8/5/2022
1028,PS,SI1,E,2.0,2.99,14100, 8/5/2022
1029,PS,SI2,E,2.0,2.99,11400, 8/5/2022
1030,PS,SI3,E,2.0,2.99,8400, 8/5/2022
1031,PS,I1,E,2.0,2.99,6400, 8/5/2022
1032,PS,I2,E,2.0,2.99,2900, 8/5/2022
1033,PS,I3,E,2.0,2.99,1500, 8/5/2022
1034,PS,IF,F,2.0,2.99,20500, 8/5/2022
1035,PS,VVS1,F,2.0,2.99,19000, 8/5/2022
1036,PS,VVS2,F,2.0,2.99,18000, 8/5/2022
1037,PS,VS1,F,2.0,2.99,17000, 8/5/2022
1038,PS,VS2,F,2.0,2.99,15500, 8/5/2022
1039,PS,SI1,F,2.0,2.99,13200, 8/5/2022
1040,PS,SI2,F,2.0,2.99,10800, 8/5/2022
1041,PS,SI3,F,2.0,2.99,8000, 8/5/2022
1042,PS,I1,F,2.0,2.99,5900, 8/5/2022
1043,PS,I2,F,2.0,2.99,2800, 8/5/2022
1044,PS,I3,F,2.0,2.99,1400, 8/5/2022
1045,PS,IF,G,2.0,2.99,18500, 8/5/2022
1046,PS,VVS1,G,2.0,2.99,17500, 8/5/2022
1047,PS,VVS2,G,2.0,2.99,16500, 8/5/2022
1048,PS,VS1,G,2.0,2.99,15500, 8/5/2022
1049,PS,VS2,G,2.0,2.99,14500, 8/5/2022
1050,PS,SI1,G,2.0,2.99,12200, 8/5/2022
1051,PS,SI2,G,2.0,2.99,10300, 8/5/2022
1052,PS,SI3,G,2.0,2.99,7500, 8/5/2022
1053,PS,I1,G,2.0,2.99,5500, 8/5/2022
1054,PS,I2,G,2.0,2.99,2700, 8/5/2022
1055,PS,I3,G,2.0,2.99,1300, 8/5/2022
1056,PS,IF,H,2.0,2.99,15000, 8/5/2022
1057,PS,VVS1,H,2.0,2.99,14000, 8/5/2022
1058,PS,VVS2,H,2.0,2.99,13500, 8/5/2022
1059,PS,VS1,H,2.0,2.99,13000, 8/5/2022
1060,PS,VS2,H,2.0,2.99,12000, 8/5/2022
1061,PS,SI1,H,2.0,2.99,11100, 8/5/2022
1062,PS,SI2,H,2.0,2.99,9600, 8/5/2022
1063,PS,SI3,H,2.0,2.99,6700, 8/5/2022
1064,PS,I1,H,2.0,2.99,5100, 8/5/2022
1065,PS,I2,H,2.0,2.99,2500, 8/5/2022
1066,PS,I3,H,2.0,2.99,1200, 8/5/2022
1067,PS,IF,I,2.0,2.99,11800, 8/5/2022
1068,PS,VVS1,I,2.0,2.99,11200, 8/5/2022
1069,PS,VVS2,I,2.0,2.99,10700, 8/5/2022
1070,PS,VS1,I,2.0,2.99,10300, 8/5/2022
1071,PS,VS2,I,2.0,2.99,9700, 8/5/2022
1072,PS,SI1,I,2.0,2.99,9300, 8/5/2022
1073,PS,SI2,I,2.0,2.99,8900, 8/5/2022
1074,PS,SI3,I,2.0,2.99,6000, 8/5/2022
1075,PS,I1,I,2.0,2.99,4800, 8/5/2022
1076,PS,I2,I,2.0,2.99,2400, 8/5/2022
1077,PS,I3,I,2.0,2.99,1200, 8/5/2022
1078,PS,IF,J,2.0,2.99,9400, 8/5/2022
1079,PS,VVS1,J,2.0,2.99,9000, 8/5/2022
1080,PS,VVS2,J,2.0,2.99,8700, 8/5/2022
1081,PS,VS1,J,2.0,2.99,8300, 8/5/2022
1082,PS,VS2,J,2.0,2.99,8000, 8/5/2022
1083,PS,SI1,J,2.0,2.99,7700, 8/5/2022
1084,PS,SI2,J,2.0,2.99,7400, 8/5/2022
1085,PS,SI3,J,2.0,2.99,5400, 8/5/2022
1086,PS,I1,J,2.0,2.99,4500, 8/5/2022
1087,PS,I2,J,2.0,2.99,2200, 8/5/2022
1088,PS,I3,J,2.0,2.99,1200, 8/5/2022
1089,PS,IF,K,2.0,2.99,7600, 8/5/2022
1090,PS,VVS1,K,2.0,2.99,7300, 8/5/2022
1091,PS,VVS2,K,2.0,2.99,7100, 8/5/2022
1092,PS,VS1,K,2.0,2.99,6800, 8/5/2022
1093,PS,VS2,K,2.0,2.99,6600, 8/5/2022
1094,PS,SI1,K,2.0,2.99,6300, 8/5/2022
1095,PS,SI2,K,2.0,2.99,6000, 8/5/2022
1096,PS,SI3,K,2.0,2.99,4700, 8/5/2022
1097,PS,I1,K,2.0,2.99,3900, 8/5/2022
1098,PS,I2,K,2.0,2.99,2100, 8/5/2022
1099,PS,I3,K,2.0,2.99,1100, 8/5/2022
1100,PS,IF,L,2.0,2.99,6100, 8/5/2022
1101,PS,VVS1,L,2.0,2.99,5800, 8/5/2022
1102,PS,VVS2,L,2.0,2.99,5600, 8/5/2022
1103,PS,VS1,L,2.0,2.99,5400, 8/5/2022
1104,PS,VS2,L,2.0,2.99,5200, 8/5/2022
1105,PS,SI1,L,2.0,2.99,4900, 8/5/2022
1106,PS,SI2,L,2.0,2.99,4700, 8/5/2022
1107,PS,SI3,L,2.0,2.99,3900, 8/5/2022
1108,PS,I1,L,2.0,2.99,3400, 8/5/2022
1109,PS,I2,L,2.0,2.99,1900, 8/5/2022
1110,PS,I3,L,2.0,2.99,1100, 8/5/2022
1111,PS,IF,M,2.0,2.99,4800, 8/5/2022
1112,PS,VVS1,M,2.0,2.99,4600, 8/5/2022
1113,PS,VVS2,M,2.0,2.99,4500, 8/5/2022
1114,PS,VS1,M,2.0,2.99,4300, 8/5/2022
1115,PS,VS2,M,2.0,2.99,4100, 8/5/2022
1116,PS,SI1,M,2.0,2.99,3900, 8/5/2022
1117,PS,SI2,M,2.0,2.99,3700, 8/5/2022
1118,PS,SI3,M,2.0,2.99,3300, 8/5/2022
1119,PS,I1,M,2.0,2.99,2800, 8/5/2022
1120,PS,I2,M,2.0,2.99,1800, 8/5/2022
1121,PS,I3,M,2.0,2.99,1000, 8/5/2022
1122,PS,IF,D,3.0,3.99,46000, 8/5/2022
1123,PS,VVS1,D,3.0,3.99,36500, 8/5/2022
1124,PS,VVS2,D,3.0,3.99,33500, 8/5/2022
1125,PS,VS1,D,3.0,3.99,30500, 8/5/2022
1126,PS,VS2,D,3.0,3.99,27000, 8/5/2022
1127,PS,SI1,D,3.0,3.99,23000, 8/5/2022
1128,PS,SI2,D,3.0,3.99,17500, 8/5/2022
1129,PS,SI3,D,3.0,3.99,11800, 8/5/2022
1130,PS,I1,D,3.0,3.99,8600, 8/5/2022
1131,PS,I2,D,3.0,3.99,3600, 8/5/2022
1132,PS,I3,D,3.0,3.99,1700, 8/5/2022
1133,PS,IF,E,3.0,3.99,37500, 8/5/2022
1134,PS,VVS1,E,3.0,3.99,33500, 8/5/2022
1135,PS,VVS2,E,3.0,3.99,30500, 8/5/2022
1136,PS,VS1,E,3.0,3.99,28000, 8/5/2022
1137,PS,VS2,E,3.0,3.99,24500, 8/5/2022
1138,PS,SI1,E,3.0,3.99,21500, 8/5/2022
1139,PS,SI2,E,3.0,3.99,16500, 8/5/2022
1140,PS,SI3,E,3.0,3.99,10900, 8/5/2022
1141,PS,I1,E,3.0,3.99,8000, 8/5/2022
1142,PS,I2,E,3.0,3.99,3300, 8/5/2022
1143,PS,I3,E,3.0,3.99,1600, 8/5/2022
1144,PS,IF,F,3.0,3.99,33500, 8/5/2022
1145,PS,VVS1,F,3.0,3.99,30500, 8/5/2022
1146,PS,VVS2,F,3.0,3.99,28000, 8/5/2022
1147,PS,VS1,F,3.0,3.99,25000, 8/5/2022
1148,PS,VS2,F,3.0,3.99,22500, 8/5/2022
1149,PS,SI1,F,3.0,3.99,19500, 8/5/2022
1150,PS,SI2,F,3.0,3.99,15500, 8/5/2022
1151,PS,SI3,F,3.0,3.99,10100, 8/5/2022
1152,PS,I1,F,3.0,3.99,7400, 8/5/2022
1153,PS,I2,F,3.0,3.99,3000, 8/5/2022
1154,PS,I3,F,3.0,3.99,1500, 8/5/2022
1155,PS,IF,G,3.0,3.99,30000, 8/5/2022
1156,PS,VVS1,G,3.0,3.99,27500, 8/5/2022
1157,PS,VVS2,G,3.0,3.99,25000, 8/5/2022
1158,PS,VS1,G,3.0,3.99,22500, 8/5/2022
1159,PS,VS2,G,3.0,3.99,20500, 8/5/2022
1160,PS,SI1,G,3.0,3.99,18000, 8/5/2022
1161,PS,SI2,G,3.0,3.99,14500, 8/5/2022
1162,PS,SI3,G,3.0,3.99,9200, 8/5/2022
1163,PS,I1,G,3.0,3.99,6700, 8/5/2022
1164,PS,I2,G,3.0,3.99,2900, 8/5/2022
1165,PS,I3,G,3.0,3.99,1500, 8/5/2022
1166,PS,IF,H,3.0,3.99,24500, 8/5/2022
1167,PS,VVS1,H,3.0,3.99,23000, 8/5/2022
1168,PS,VVS2,H,3.0,3.99,21500, 8/5/2022
1169,PS,VS1,H,3.0,3.99,20000, 8/5/2022
1170,PS,VS2,H,3.0,3.99,18000, 8/5/2022
1171,PS,SI1,H,3.0,3.99,16000, 8/5/2022
1172,PS,SI2,H,3.0,3.99,13500, 8/5/2022
1173,PS,SI3,H,3.0,3.99,8500, 8/5/2022
1174,PS,I1,H,3.0,3.99,6200, 8/5/2022
1175,PS,I2,H,3.0,3.99,2700, 8/5/2022
1176,PS,I3,H,3.0,3.99,1400, 8/5/2022
1177,PS,IF,I,3.0,3.99,20000, 8/5/2022
1178,PS,VVS1,I,3.0,3.99,19000, 8/5/2022
1179,PS,VVS2,I,3.0,3.99,18000, 8/5/2022
1180,PS,VS1,I,3.0,3.99,17000, 8/5/2022
1181,PS,VS2,I,3.0,3.99,15500, 8/5/2022
1182,PS,SI1,I,3.0,3.99,14000, 8/5/2022
1183,PS,SI2,I,3.0,3.99,12000, 8/5/2022
1184,PS,SI3,I,3.0,3.99,7900, 8/5/2022
1185,PS,I1,I,3.0,3.99,5700, 8/5/2022
1186,PS,I2,I,3.0,3.99,2600, 8/5/2022
1187,PS,I3,I,3.0,3.99,1400, 8/5/2022
1188,PS,IF,J,3.0,3.99,15900, 8/5/2022
1189,PS,VVS1,J,3.0,3.99,14600, 8/5/2022
1190,PS,VVS2,J,3.0,3.99,13900, 8/5/2022
1191,PS,VS1,J,3.0,3.99,13100, 8/5/2022
1192,PS,VS2,J,3.0,3.99,12100, 8/5/2022
1193,PS,SI1,J,3.0,3.99,11100, 8/5/2022
1194,PS,SI2,J,3.0,3.99,10200, 8/5/2022
1195,PS,SI3,J,3.0,3.99,7100, 8/5/2022
1196,PS,I1,J,3.0,3.99,5400, 8/5/2022
1197,PS,I2,J,3.0,3.99,2500, 8/5/2022
1198,PS,I3,J,3.0,3.99,1300, 8/5/2022
1199,PS,IF,K,3.0,3.99,12300, 8/5/2022
1200,PS,VVS1,K,3.0,3.99,11400, 8/5/2022
1201,PS,VVS2,K,3.0,3.99,10800, 8/5/2022
1202,PS,VS1,K,3.0,3.99,10000, 8/5/2022
1203,PS,VS2,K,3.0,3.99,9400, 8/5/2022
1204,PS,SI1,K,3.0,3.99,8800, 8/5/2022
1205,PS,SI2,K,3.0,3.99,8200, 8/5/2022
1206,PS,SI3,K,3.0,3.99,6100, 8/5/2022
1207,PS,I1,K,3.0,3.99,5000, 8/5/2022
1208,PS,I2,K,3.0,3.99,2400, 8/5/2022
1209,PS,I3,K,3.0,3.99,1300, 8/5/2022
1210,PS,IF,L,3.0,3.99,9100, 8/5/2022
1211,PS,VVS1,L,3.0,3.99,8500, 8/5/2022
1212,PS,VVS2,L,3.0,3.99,8100, 8/5/2022
1213,PS,VS1,L,3.0,3.99,7600, 8/5/2022
1214,PS,VS2,L,3.0,3.99,7100, 8/5/2022
1215,PS,SI1,L,3.0,3.99,6600, 8/5/2022
1216,PS,SI2,L,3.0,3.99,6200, 8/5/2022
1217,PS,SI3,L,3.0,3.99,5300, 8/5/2022
1218,PS,I1,L,3.0,3.99,4400, 8/5/2022
1219,PS,I2,L,3.0,3.99,2300, 8/5/2022
1220,PS,I3,L,3.0,3.99,1200, 8/5/2022
1221,PS,IF,M,3.0,3.99,6700, 8/5/2022
1222,PS,VVS1,M,3.0,3.99,6300, 8/5/2022
1223,PS,VVS2,M,3.0,3.99,6000, 8/5/2022
1224,PS,VS1,M,3.0,3.99,5700, 8/5/2022
1225,PS,VS2,M,3.0,3.99,5400, 8/5/2022
1226,PS,SI1,M,3.0,3.99,4900, 8/5/2022
1227,PS,SI2,M,3.0,3.99,4600, 8/5/2022
1228,PS,SI3,M,3.0,3.99,4100, 8/5/2022
1229,PS,I1,M,3.0,3.99,3600, 8/5/2022
1230,PS,I2,M,3.0,3.99,2100, 8/5/2022
1231,PS,I3,M,3.0,3.99,1100, 8/5/2022
1232,PS,IF,D,4.0,4.99,56500, 8/5/2022
1233,PS,VVS1,D,4.0,4.99,47500, 8/5/2022
1234,PS,VVS2,D,4.0,4.99,45000, 8/5/2022
1235,PS,VS1,D,4.0,4.99,41500, 8/5/2022
1236,PS,VS2,D,4.0,4.99,37500, 8/5/2022
1237,PS,SI1,D,4.0,4.99,26500, 8/5/2022
1238,PS,SI2,D,4.0,4.99,19500, 8/5/2022
1239,PS,SI3,D,4.0,4.99,13000, 8/5/2022
1240,PS,I1,D,4.0,4.99,9200, 8/5/2022
1241,PS,I2,D,4.0,4.99,3900, 8/5/2022
1242,PS,I3,D,4.0,4.99,1900, 8/5/2022
1243,PS,IF,E,4.0,4.99,47500, 8/5/2022
1244,PS,VVS1,E,4.0,4.99,43500, 8/5/2022
1245,PS,VVS2,E,4.0,4.99,41000, 8/5/2022
1246,PS,VS1,E,4.0,4.99,38500, 8/5/2022
1247,PS,VS2,E,4.0,4.99,34500, 8/5/2022
1248,PS,SI1,E,4.0,4.99,24500, 8/5/2022
1249,PS,SI2,E,4.0,4.99,18500, 8/5/2022
1250,PS,SI3,E,4.0,4.99,12300, 8/5/2022
1251,PS,I1,E,4.0,4.99,8800, 8/5/2022
1252,PS,I2,E,4.0,4.99,3700, 8/5/2022
1253,PS,I3,E,4.0,4.99,1700, 8/5/2022
1254,PS,IF,F,4.0,4.99,43500, 8/5/2022
1255,PS,VVS1,F,4.0,4.99,40000, 8/5/2022
1256,PS,VVS2,F,4.0,4.99,38000, 8/5/2022
1257,PS,VS1,F,4.0,4.99,35500, 8/5/2022
1258,PS,VS2,F,4.0,4.99,31500, 8/5/2022
1259,PS,SI1,F,4.0,4.99,23000, 8/5/2022
1260,PS,SI2,F,4.0,4.99,17500, 8/5/2022
1261,PS,SI3,F,4.0,4.99,11300, 8/5/2022
1262,PS,I1,F,4.0,4.99,8200, 8/5/2022
1263,PS,I2,F,4.0,4.99,3500, 8/5/2022
1264,PS,I3,F,4.0,4.99,1600, 8/5/2022
1265,PS,IF,G,4.0,4.99,38500, 8/5/2022
1266,PS,VVS1,G,4.0,4.99,35000, 8/5/2022
1267,PS,VVS2,G,4.0,4.99,33000, 8/5/2022
1268,PS,VS1,G,4.0,4.99,31000, 8/5/2022
1269,PS,VS2,G,4.0,4.99,27500, 8/5/2022
1270,PS,SI1,G,4.0,4.99,21500, 8/5/2022
1271,PS,SI2,G,4.0,4.99,16500, 8/5/2022
1272,PS,SI3,G,4.0,4.99,10400, 8/5/2022
1273,PS,I1,G,4.0,4.99,7700, 8/5/2022
1274,PS,I2,G,4.0,4.99,3200, 8/5/2022
1275,PS,I3,G,4.0,4.99,1600, 8/5/2022
1276,PS,IF,H,4.0,4.99,31500, 8/5/2022
1277,PS,VVS1,H,4.0,4.99,29500, 8/5/2022
1278,PS,VVS2,H,4.0,4.99,28000, 8/5/2022
1279,PS,VS1,H,4.0,4.99,26500, 8/5/2022
1280,PS,VS2,H,4.0,4.99,23500, 8/5/2022
1281,PS,SI1,H,4.0,4.99,19000, 8/5/2022
1282,PS,SI2,H,4.0,4.99,15500, 8/5/2022
1283,PS,SI3,H,4.0,4.99,9800, 8/5/2022
1284,PS,I1,H,4.0,4.99,7200, 8/5/2022
1285,PS,I2,H,4.0,4.99,2900, 8/5/2022
1286,PS,I3,H,4.0,4.99,1500, 8/5/2022
1287,PS,IF,I,4.0,4.99,25000, 8/5/2022
1288,PS,VVS1,I,4.0,4.99,23500, 8/5/2022
1289,PS,VVS2,I,4.0,4.99,22000, 8/5/2022
1290,PS,VS1,I,4.0,4.99,20500, 8/5/2022
1291,PS,VS2,I,4.0,4.99,19000, 8/5/2022
1292,PS,SI1,I,4.0,4.99,16500, 8/5/2022
1293,PS,SI2,I,4.0,4.99,14000, 8/5/2022
1294,PS,SI3,I,4.0,4.99,9000, 8/5/2022
1295,PS,I1,I,4.0,4.99,6600, 8/5/2022
1296,PS,I2,I,4.0,4.99,2800, 8/5/2022
1297,PS,I3,I,4.0,4.99,1500, 8/5/2022
1298,PS,IF,J,4.0,4.99,19500, 8/5/2022
1299,PS,VVS1,J,4.0,4.99,18500, 8/5/2022
1300,PS,VVS2,J,4.0,4.99,17500, 8/5/2022
1301,PS,VS1,J,4.0,4.99,16500, 8/5/2022
1302,PS,VS2,J,4.0,4.99,15500, 8/5/2022
1303,PS,SI1,J,4.0,4.99,14000, 8/5/2022
1304,PS,SI2,J,4.0,4.99,12500, 8/5/2022
1305,PS,SI3,J,4.0,4.99,8100, 8/5/2022
1306,PS,I1,J,4.0,4.99,6100, 8/5/2022
1307,PS,I2,J,4.0,4.99,2600, 8/5/2022
1308,PS,I3,J,4.0,4.99,1400, 8/5/2022
1309,PS,IF,K,4.0,4.99,15800, 8/5/2022
1310,PS,VVS1,K,4.0,4.99,14800, 8/5/2022
1311,PS,VVS2,K,4.0,4.99,13900, 8/5/2022
1312,PS,VS1,K,4.0,4.99,13200, 8/5/2022
1313,PS,VS2,K,4.0,4.99,12300, 8/5/2022
1314,PS,SI1,K,4.0,4.99,11500, 8/5/2022
1315,PS,SI2,K,4.0,4.99,10500, 8/5/2022
1316,PS,SI3,K,4.0,4.99,7000, 8/5/2022
1317,PS,I1,K,4.0,4.99,5600, 8/5/2022
1318,PS,I2,K,4.0,4.99,2500, 8/5/2022
1319,PS,I3,K,4.0,4.99,1400, 8/5/2022
1320,PS,IF,L,4.0,4.99,11300, 8/5/2022
1321,PS,VVS1,L,4.0,4.99,10600, 8/5/2022
1322,PS,VVS2,L,4.0,4.99,10000, 8/5/2022
1323,PS,VS1,L,4.0,4.99,9500, 8/5/2022
1324,PS,VS2,L,4.0,4.99,9000, 8/5/2022
1325,PS,SI1,L,4.0,4.99,8400, 8/5/2022
1326,PS,SI2,L,4.0,4.99,7700, 8/5/2022
1327,PS,SI3,L,4.0,4.99,5800, 8/5/2022
1328,PS,I1,L,4.0,4.99,4800, 8/5/2022
1329,PS,I2,L,4.0,4.99,2400, 8/5/2022
1330,PS,I3,L,4.0,4.99,1300, 8/5/2022
1331,PS,IF,M,4.0,4.99,8100, 8/5/2022
1332,PS,VVS1,M,4.0,4.99,7700, 8/5/2022
1333,PS,VVS2,M,4.0,4.99,7400, 8/5/2022
1334,PS,VS1,M,4.0,4.99,7100, 8/5/2022
1335,PS,VS2,M,4.0,4.99,6800, 8/5/2022
1336,PS,SI1,M,4.0,4.99,6400, 8/5/2022
1337,PS,SI2,M,4.0,4.99,6100, 8/5/2022
1338,PS,SI3,M,4.0,4.99,4700, 8/5/2022
1339,PS,I1,M,4.0,4.99,3900, 8/5/2022
1340,PS,I2,M,4.0,4.99,2200, 8/5/2022
1341,PS,I3,M,4.0,4.99,1200, 8/5/2022
1342,PS,IF,D,5.0,5.99,85000, 8/5/2022
1343,PS,VVS1,D,5.0,5.99,68500, 8/5/2022
1344,PS,VVS2,D,5.0,5.99,64000, 8/5/2022
1345,PS,VS1,D,5.0,5.99,60500, 8/5/2022
1346,PS,VS2,D,5.0,5.99,51500, 8/5/2022
1347,PS,SI1,D,5.0,5.99,37500, 8/5/2022
1348,PS,SI2,D,5.0,5.99,27000, 8/5/2022
1349,PS,SI3,D,5.0,5.99,14600, 8/5/2022
1350,PS,I1,D,5.0,5.99,10500, 8/5/2022
1351,PS,I2,D,5.0,5.99,4300, 8/5/2022
1352,PS,I3,D,5.0,5.99,2000, 8/5/2022
1353,PS,IF,E,5.0,5.99,67500, 8/5/2022
1354,PS,VVS1,E,5.0,5.99,62500, 8/5/2022
1355,PS,VVS2,E,5.0,5.99,59000, 8/5/2022
1356,PS,VS1,E,5.0,5.99,56000, 8/5/2022
1357,PS,VS2,E,5.0,5.99,48000, 8/5/2022
1358,PS,SI1,E,5.0,5.99,35000, 8/5/2022
1359,PS,SI2,E,5.0,5.99,25000, 8/5/2022
1360,PS,SI3,E,5.0,5.99,13900, 8/5/2022
1361,PS,I1,E,5.0,5.99,9500, 8/5/2022
1362,PS,I2,E,5.0,5.99,4000, 8/5/2022
1363,PS,I3,E,5.0,5.99,1800, 8/5/2022
1364,PS,IF,F,5.0,5.99,60500, 8/5/2022
1365,PS,VVS1,F,5.0,5.99,57500, 8/5/2022
1366,PS,VVS2,F,5.0,5.99,54500, 8/5/2022
1367,PS,VS1,F,5.0,5.99,51500, 8/5/2022
1368,PS,VS2,F,5.0,5.99,45000, 8/5/2022
1369,PS,SI1,F,5.0,5.99,32000, 8/5/2022
1370,PS,SI2,F,5.0,5.99,23500, 8/5/2022
1371,PS,SI3,F,5.0,5.99,12900, 8/5/2022
1372,PS,I1,F,5.0,5.99,8900, 8/5/2022
1373,PS,I2,F,5.0,5.99,3800, 8/5/2022
1374,PS,I3,F,5.0,5.99,1700, 8/5/2022
1375,PS,IF,G,5.0,5.99,53500, 8/5/2022
1376,PS,VVS1,G,5.0,5.99,50500, 8/5/2022
1377,PS,VVS2,G,5.0,5.99,47500, 8/5/2022
1378,PS,VS1,G,5.0,5.99,45000, 8/5/2022
1379,PS,VS2,G,5.0,5.99,38500, 8/5/2022
1380,PS,SI1,G,5.0,5.99,29500, 8/5/2022
1381,PS,SI2,G,5.0,5.99,22000, 8/5/2022
1382,PS,SI3,G,5.0,5.99,12400, 8/5/2022
1383,PS,I1,G,5.0,5.99,8400, 8/5/2022
1384,PS,I2,G,5.0,5.99,3600, 8/5/2022
1385,PS,I3,G,5.0,5.99,1700, 8/5/2022
1386,PS,IF,H,5.0,5.99,45000, 8/5/2022
1387,PS,VVS1,H,5.0,5.99,41500, 8/5/2022
1388,PS,VVS2,H,5.0,5.99,39000, 8/5/2022
1389,PS,VS1,H,5.0,5.99,35500, 8/5/2022
1390,PS,VS2,H,5.0,5.99,31500, 8/5/2022
1391,PS,SI1,H,5.0,5.99,25000, 8/5/2022
1392,PS,SI2,H,5.0,5.99,20500, 8/5/2022
1393,PS,SI3,H,5.0,5.99,11800, 8/5/2022
1394,PS,I1,H,5.0,5.99,8100, 8/5/2022
1395,PS,I2,H,5.0,5.99,3300, 8/5/2022
1396,PS,I3,H,5.0,5.99,1600, 8/5/2022
1397,PS,IF,I,5.0,5.99,34500, 8/5/2022
1398,PS,VVS1,I,5.0,5.99,32000, 8/5/2022
1399,PS,VVS2,I,5.0,5.99,29500, 8/5/2022
1400,PS,VS1,I,5.0,5.99,27000, 8/5/2022
1401,PS,VS2,I,5.0,5.99,24500, 8/5/2022
1402,PS,SI1,I,5.0,5.99,21500, 8/5/2022
1403,PS,SI2,I,5.0,5.99,18000, 8/5/2022
1404,PS,SI3,I,5.0,5.99,10700, 8/5/2022
1405,PS,I1,I,5.0,5.99,7700, 8/5/2022
1406,PS,I2,I,5.0,5.99,3000, 8/5/2022
1407,PS,I3,I,5.0,5.99,1600, 8/5/2022
1408,PS,IF,J,5.0,5.99,26000, 8/5/2022
1409,PS,VVS1,J,5.0,5.99,24000, 8/5/2022
1410,PS,VVS2,J,5.0,5.99,22500, 8/5/2022
1411,PS,VS1,J,5.0,5.99,21000, 8/5/2022
1412,PS,VS2,J,5.0,5.99,19500, 8/5/2022
1413,PS,SI1,J,5.0,5.99,18000, 8/5/2022
1414,PS,SI2,J,5.0,5.99,16000, 8/5/2022
1415,PS,SI3,J,5.0,5.99,9700, 8/5/2022
1416,PS,I1,J,5.0,5.99,7000, 8/5/2022
1417,PS,I2,J,5.0,5.99,2800, 8/5/2022
1418,PS,I3,J,5.0,5.99,1500, 8/5/2022
1419,PS,IF,K,5.0,5.99,19500, 8/5/2022
1420,PS,VVS1,K,5.0,5.99,18500, 8/5/2022
1421,PS,VVS2,K,5.0,5.99,17500, 8/5/2022
1422,PS,VS1,K,5.0,5.99,17000, 8/5/2022
1423,PS,VS2,K,5.0,5.99,16000, 8/5/2022
1424,PS,SI1,K,5.0,5.99,15000, 8/5/2022
1425,PS,SI2,K,5.0,5.99,13500, 8/5/2022
1426,PS,SI3,K,5.0,5.99,8800, 8/5/2022
1427,PS,I1,K,5.0,5.99,6500, 8/5/2022
1428,PS,I2,K,5.0,5.99,2700, 8/5/2022
1429,PS,I3,K,5.0,5.99,1500, 8/5/2022
1430,PS,IF,L,5.0,5.99,15000, 8/5/2022
1431,PS,VVS1,L,5.0,5.99,14000, 8/5/2022
1432,PS,VVS2,L,5.0,5.99,13500, 8/5/2022
1433,PS,VS1,L,5.0,5.99,13000, 8/5/2022
1434,PS,VS2,L,5.0,5.99,12500, 8/5/2022
1435,PS,SI1,L,5.0,5.99,12000, 8/5/2022
1436,PS,SI2,L,5.0,5.99,11000, 8/5/2022
1437,PS,SI3,L,5.0,5.99,7100, 8/5/2022
1438,PS,I1,L,5.0,5.99,5600, 8/5/2022
1439,PS,I2,L,5.0,5.99,2400, 8/5/2022
1440,PS,I3,L,5.0,5.99,1400, 8/5/2022
1441,PS,IF,M,5.0,5.99,11500, 8/5/2022
1442,PS,VVS1,M,5.0,5.99,11000, 8/5/2022
1443,PS,VVS2,M,5.0,5.99,10500, 8/5/2022
1444,PS,VS1,M,5.0,5.99,9500, 8/5/2022
1445,PS,VS2,M,5.0,5.99,9000, 8/5/2022
1446,PS,SI1,M,5.0,5.99,8500, 8/5/2022
1447,PS,SI2,M,5.0,5.99,8000, 8/5/2022
1448,PS,SI3,M,5.0,5.99,6100, 8/5/2022
1449,PS,I1,M,5.0,5.99,4600, 8/5/2022
1450,PS,I2,M,5.0,5.99,2300, 8/5/2022
1451,PS,I3,M,5.0,5.99,1300, 8/5/2022
1452,PS,IF,D,10.0,10.99,150000, 8/5/2022
1453,PS,VVS1,D,10.0,10.99,115500, 8/5/2022
1454,PS,VVS2,D,10.0,10.99,105500, 8/5/2022
1455,PS,VS1,D,10.0,10.99,98500, 8/5/2022
1456,PS,VS2,D,10.0,10.99,83500, 8/5/2022
1457,PS,SI1,D,10.0,10.99,57500, 8/5/2022
1458,PS,SI2,D,10.0,10.99,41000, 8/5/2022
1459,PS,SI3,D,10.0,10.99,20500, 8/5/2022
1460,PS,I1,D,10.0,10.99,12400, 8/5/2022
1461,PS,I2,D,10.0,10.99,5300, 8/5/2022
1462,PS,I3,D,10.0,10.99,2300, 8/5/2022
1463,PS,IF,E,10.0,10.99,115000, 8/5/2022
1464,PS,VVS1,E,10.0,10.99,104000, 8/5/2022
1465,PS,VVS2,E,10.0,10.99,96500, 8/5/2022
1466,PS,VS1,E,10.0,10.99,89000, 8/5/2022
1467,PS,VS2,E,10.0,10.99,76500, 8/5/2022
1468,PS,SI1,E,10.0,10.99,53500, 8/5/2022
1469,PS,SI2,E,10.0,10.99,39000, 8/5/2022
1470,PS,SI3,E,10.0,10.99,19500, 8/5/2022
1471,PS,I1,E,10.0,10.99,11700, 8/5/2022
1472,PS,I2,E,10.0,10.99,5000, 8/5/2022
1473,PS,I3,E,10.0,10.99,2200, 8/5/2022
1474,PS,IF,F,10.0,10.99,101500, 8/5/2022
1475,PS,VVS1,F,10.0,10.99,95000, 8/5/2022
1476,PS,VVS2,F,10.0,10.99,89000, 8/5/2022
1477,PS,VS1,F,10.0,10.99,81500, 8/5/2022
1478,PS,VS2,F,10.0,10.99,70000, 8/5/2022
1479,PS,SI1,F,10.0,10.99,49500, 8/5/2022
1480,PS,SI2,F,10.0,10.99,36500, 8/5/2022
1481,PS,SI3,F,10.0,10.99,18500, 8/5/2022
1482,PS,I1,F,10.0,10.99,11100, 8/5/2022
1483,PS,I2,F,10.0,10.99,4800, 8/5/2022
1484,PS,I3,F,10.0,10.99,2100, 8/5/2022
1485,PS,IF,G,10.0,10.99,85000, 8/5/2022
1486,PS,VVS1,G,10.0,10.99,80000, 8/5/2022
1487,PS,VVS2,G,10.0,10.99,74000, 8/5/2022
1488,PS,VS1,G,10.0,10.99,69500, 8/5/2022
1489,PS,VS2,G,10.0,10.99,60500, 8/5/2022
1490,PS,SI1,G,10.0,10.99,46000, 8/5/2022
1491,PS,SI2,G,10.0,10.99,34000, 8/5/2022
1492,PS,SI3,G,10.0,10.99,17000, 8/5/2022
1493,PS,I1,G,10.0,10.99,10600, 8/5/2022
1494,PS,I2,G,10.0,10.99,4600, 8/5/2022
1495,PS,I3,G,10.0,10.99,2000, 8/5/2022
1496,PS,IF,H,10.0,10.99,70500, 8/5/2022
1497,PS,VVS1,H,10.0,10.99,65500, 8/5/2022
1498,PS,VVS2,H,10.0,10.99,61000, 8/5/2022
1499,PS,VS1,H,10.0,10.99,56500, 8/5/2022
1500,PS,VS2,H,10.0,10.99,49000, 8/5/2022
1501,PS,SI1,H,10.0,10.99,39500, 8/5/2022
1502,PS,SI2,H,10.0,10.99,30500, 8/5/2022
1503,PS,SI3,H,10.0,10.99,16000, 8/5/2022
1504,PS,I1,H,10.0,10.99,10100, 8/5/2022
1505,PS,I2,H,10.0,10.99,4400, 8/5/2022
1506,PS,I3,H,10.0,10.99,1900, 8/5/2022
1507,PS,IF,I,10.0,10.99,54000, 8/5/2022
1508,PS,VVS1,I,10.0,10.99,50500, 8/5/2022
1509,PS,VVS2,I,10.0,10.99,47000, 8/5/2022
1510,PS,VS1,I,10.0,10.99,43000, 8/5/2022
1511,PS,VS2,I,10.0,10.99,39000, 8/5/2022
1512,PS,SI1,I,10.0,10.99,33000, 8/5/2022
1513,PS,SI2,I,10.0,10.99,26000, 8/5/2022
1514,PS,SI3,I,10.0,10.99,15000, 8/5/2022
1515,PS,I1,I,10.0,10.99,9700, 8/5/2022
1516,PS,I2,I,10.0,10.99,4200, 8/5/2022
1517,PS,I3,I,10.0,10.99,1800, 8/5/2022
1518,PS,IF,J,10.0,10.99,41000, 8/5/2022
1519,PS,VVS1,J,10.0,10.99,38500, 8/5/2022
1520,PS,VVS2,J,10.0,10.99,36000, 8/5/2022
1521,PS,VS1,J,10.0,10.99,33000, 8/5/2022
1522,PS,VS2,J,10.0,10.99,29500, 8/5/2022
1523,PS,SI1,J,10.0,10.99,26500, 8/5/2022
1524,PS,SI2,J,10.0,10.99,22000, 8/5/2022
1525,PS,SI3,J,10.0,10.99,13500, 8/5/2022
1526,PS,I1,J,10.0,10.99,9100, 8/5/2022
1527,PS,I2,J,10.0,10.99,4000, 8/5/2022
1528,PS,I3,J,10.0,10.99,1700, 8/5/2022
1529,PS,IF,K,10.0,10.99,31500, 8/5/2022
1530,PS,VVS1,K,10.0,10.99,29500, 8/5/2022
1531,PS,VVS2,K,10.0,10.99,27500, 8/5/2022
1532,PS,VS1,K,10.0,10.99,26000, 8/5/2022
1533,PS,VS2,K,10.0,10.99,23500, 8/5/2022
1534,PS,SI1,K,10.0,10.99,21500, 8/5/2022
1535,PS,SI2,K,10.0,10.99,18500, 8/5/2022
1536,PS,SI3,K,10.0,10.99,12000, 8/5/2022
1537,PS,I1,K,10.0,10.99,8600, 8/5/2022
1538,PS,I2,K,10.0,10.99,3800, 8/5/2022
1539,PS,I3,K,10.0,10.99,1600, 8/5/2022
1540,PS,IF,L,10.0,10.99,23000, 8/5/2022
1541,PS,VVS1,L,10.0,10.99,21500, 8/5/2022
1542,PS,VVS2,L,10.0,10.99,20500, 8/5/2022
1543,PS,VS1,L,10.0,10.99,19000, 8/5/2022
1544,PS,VS2,L,10.0,10.99,17500, 8/5/2022
1545,PS,SI1,L,10.0,10.99,16000, 8/5/2022
1546,PS,SI2,L,10.0,10.99,14000, 8/5/2022
1547,PS,SI3,L,10.0,10.99,10500, 8/5/2022
1548,PS,I1,L,10.0,10.99,7700, 8/5/2022
1549,PS,I2,L,10.0,10.99,3600, 8/5/2022
1550,PS,I3,L,10.0,10.99,1600, 8/5/2022
1551,PS,IF,M,10.0,10.99,17500, 8/5/2022
1552,PS,VVS1,M,10.0,10.99,16500, 8/5/2022
1553,PS,VVS2,M,10.0,10.99,15500, 8/5/2022
1554,PS,VS1,M,10.0,10.99,14500, 8/5/2022
1555,PS,VS2,M,10.0,10.99,13500, 8/5/2022
1556,PS,SI1,M,10.0,10.99,12500, 8/5/2022
1557,PS,SI2,M,10.0,10.99,11500, 8/5/2022
1558,PS,SI3,M,10.0,10.99,9000, 8/5/2022
1559,PS,I1,M,10.0,10.99,6400, 8/5/2022
1560,PS,I2,M,10.0,10.99,3300, 8/5/2022
1561,PS,I3,M,10.0,10.99,1500, 8/5/2022
