,Unnamed: 0,SHAPE,CLARITY,COLOUR,SIZE_RANGE_MIN,SIZE_RANGE_MAX,RAP,DATE
0,0,BR,IF,D,0.01,0.03,800,8/5/2022
1,1,BR,VVS1,D,0.01,0.03,800,8/5/2022
2,2,BR,VVS2,D,0.01,0.03,800,8/5/2022
3,3,BR,VS1,D,0.01,0.03,720,8/5/2022
4,4,BR,VS2,D,0.01,0.03,720,8/5/2022
5,5,BR,SI1,D,0.01,0.03,630,8/5/2022
6,6,BR,SI2,D,0.01,0.03,560,8/5/2022
7,7,BR,SI3,D,0.01,0.03,470,8/5/2022
8,8,BR,I1,D,0.01,0.03,410,8/5/2022
9,9,BR,I2,D,0.01,0.03,350,8/5/2022
10,10,BR,I3,D,0.01,0.03,280,8/5/2022
11,11,BR,IF,E,0.01,0.03,800,8/5/2022
12,12,BR,VVS1,E,0.01,0.03,800,8/5/2022
13,13,BR,VVS2,E,0.01,0.03,800,8/5/2022
14,14,BR,VS1,E,0.01,0.03,720,8/5/2022
15,15,BR,VS2,E,0.01,0.03,720,8/5/2022
16,16,BR,SI1,E,0.01,0.03,630,8/5/2022
17,17,BR,SI2,E,0.01,0.03,560,8/5/2022
18,18,BR,SI3,E,0.01,0.03,470,8/5/2022
19,19,BR,I1,E,0.01,0.03,410,8/5/2022
20,20,BR,I2,E,0.01,0.03,350,8/5/2022
21,21,BR,I3,E,0.01,0.03,280,8/5/2022
22,22,BR,IF,F,0.01,0.03,800,8/5/2022
23,23,BR,VVS1,F,0.01,0.03,800,8/5/2022
24,24,BR,VVS2,F,0.01,0.03,800,8/5/2022
25,25,BR,VS1,F,0.01,0.03,720,8/5/2022
26,26,BR,VS2,F,0.01,0.03,720,8/5/2022
27,27,BR,SI1,F,0.01,0.03,630,8/5/2022
28,28,BR,SI2,F,0.01,0.03,560,8/5/2022
29,29,BR,SI3,F,0.01,0.03,470,8/5/2022
30,30,BR,I1,F,0.01,0.03,410,8/5/2022
31,31,BR,I2,F,0.01,0.03,350,8/5/2022
32,32,BR,I3,F,0.01,0.03,280,8/5/2022
33,33,BR,IF,G,0.01,0.03,720,8/5/2022
34,34,BR,VVS1,G,0.01,0.03,720,8/5/2022
35,35,BR,VVS2,G,0.01,0.03,720,8/5/2022
36,36,BR,VS1,G,0.01,0.03,640,8/5/2022
37,37,BR,VS2,G,0.01,0.03,640,8/5/2022
38,38,BR,SI1,G,0.01,0.03,570,8/5/2022
39,39,BR,SI2,G,0.01,0.03,500,8/5/2022
40,40,BR,SI3,G,0.01,0.03,430,8/5/2022
41,41,BR,I1,G,0.01,0.03,370,8/5/2022
42,42,BR,I2,G,0.01,0.03,310,8/5/2022
43,43,BR,I3,G,0.01,0.03,260,8/5/2022
44,44,BR,IF,H,0.01,0.03,720,8/5/2022
45,45,BR,VVS1,H,0.01,0.03,720,8/5/2022
46,46,BR,VVS2,H,0.01,0.03,720,8/5/2022
47,47,BR,VS1,H,0.01,0.03,640,8/5/2022
48,48,BR,VS2,H,0.01,0.03,640,8/5/2022
49,49,BR,SI1,H,0.01,0.03,570,8/5/2022
50,50,BR,SI2,H,0.01,0.03,500,8/5/2022
51,51,BR,SI3,H,0.01,0.03,430,8/5/2022
52,52,BR,I1,H,0.01,0.03,370,8/5/2022
53,53,BR,I2,H,0.01,0.03,310,8/5/2022
54,54,BR,I3,H,0.01,0.03,260,8/5/2022
55,55,BR,IF,I,0.01,0.03,660,8/5/2022
56,56,BR,VVS1,I,0.01,0.03,660,8/5/2022
57,57,BR,VVS2,I,0.01,0.03,660,8/5/2022
58,58,BR,VS1,I,0.01,0.03,590,8/5/2022
59,59,BR,VS2,I,0.01,0.03,590,8/5/2022
60,60,BR,SI1,I,0.01,0.03,520,8/5/2022
61,61,BR,SI2,I,0.01,0.03,460,8/5/2022
62,62,BR,SI3,I,0.01,0.03,390,8/5/2022
63,63,BR,I1,I,0.01,0.03,330,8/5/2022
64,64,BR,I2,I,0.01,0.03,280,8/5/2022
65,65,BR,I3,I,0.01,0.03,240,8/5/2022
66,66,BR,IF,J,0.01,0.03,660,8/5/2022
67,67,BR,VVS1,J,0.01,0.03,660,8/5/2022
68,68,BR,VVS2,J,0.01,0.03,660,8/5/2022
69,69,BR,VS1,J,0.01,0.03,590,8/5/2022
70,70,BR,VS2,J,0.01,0.03,590,8/5/2022
71,71,BR,SI1,J,0.01,0.03,520,8/5/2022
72,72,BR,SI2,J,0.01,0.03,460,8/5/2022
73,73,BR,SI3,J,0.01,0.03,390,8/5/2022
74,74,BR,I1,J,0.01,0.03,330,8/5/2022
75,75,BR,I2,J,0.01,0.03,280,8/5/2022
76,76,BR,I3,J,0.01,0.03,240,8/5/2022
77,77,BR,IF,K,0.01,0.03,460,8/5/2022
78,78,BR,VVS1,K,0.01,0.03,460,8/5/2022
79,79,BR,VVS2,K,0.01,0.03,460,8/5/2022
80,80,BR,VS1,K,0.01,0.03,410,8/5/2022
81,81,BR,VS2,K,0.01,0.03,410,8/5/2022
82,82,BR,SI1,K,0.01,0.03,360,8/5/2022
83,83,BR,SI2,K,0.01,0.03,320,8/5/2022
84,84,BR,SI3,K,0.01,0.03,280,8/5/2022
85,85,BR,I1,K,0.01,0.03,250,8/5/2022
86,86,BR,I2,K,0.01,0.03,200,8/5/2022
87,87,BR,I3,K,0.01,0.03,160,8/5/2022
88,88,BR,IF,L,0.01,0.03,460,8/5/2022
89,89,BR,VVS1,L,0.01,0.03,460,8/5/2022
90,90,BR,VVS2,L,0.01,0.03,460,8/5/2022
91,91,BR,VS1,L,0.01,0.03,410,8/5/2022
92,92,BR,VS2,L,0.01,0.03,410,8/5/2022
93,93,BR,SI1,L,0.01,0.03,360,8/5/2022
94,94,BR,SI2,L,0.01,0.03,320,8/5/2022
95,95,BR,SI3,L,0.01,0.03,280,8/5/2022
96,96,BR,I1,L,0.01,0.03,250,8/5/2022
97,97,BR,I2,L,0.01,0.03,200,8/5/2022
98,98,BR,I3,L,0.01,0.03,160,8/5/2022
99,99,BR,IF,M,0.01,0.03,310,8/5/2022
100,100,BR,VVS1,M,0.01,0.03,310,8/5/2022
101,101,BR,VVS2,M,0.01,0.03,310,8/5/2022
102,102,BR,VS1,M,0.01,0.03,270,8/5/2022
103,103,BR,VS2,M,0.01,0.03,270,8/5/2022
104,104,BR,SI1,M,0.01,0.03,240,8/5/2022
105,105,BR,SI2,M,0.01,0.03,200,8/5/2022
106,106,BR,SI3,M,0.01,0.03,180,8/5/2022
107,107,BR,I1,M,0.01,0.03,160,8/5/2022
108,108,BR,I2,M,0.01,0.03,140,8/5/2022
109,109,BR,I3,M,0.01,0.03,120,8/5/2022
110,110,BR,IF,N,0.01,0.03,310,8/5/2022
111,111,BR,VVS1,N,0.01,0.03,310,8/5/2022
112,112,BR,VVS2,N,0.01,0.03,310,8/5/2022
113,113,BR,VS1,N,0.01,0.03,270,8/5/2022
114,114,BR,VS2,N,0.01,0.03,270,8/5/2022
115,115,BR,SI1,N,0.01,0.03,240,8/5/2022
116,116,BR,SI2,N,0.01,0.03,200,8/5/2022
117,117,BR,SI3,N,0.01,0.03,180,8/5/2022
118,118,BR,I1,N,0.01,0.03,160,8/5/2022
119,119,BR,I2,N,0.01,0.03,140,8/5/2022
120,120,BR,I3,N,0.01,0.03,120,8/5/2022
121,121,BR,IF,D,0.04,0.07,910,8/5/2022
122,122,BR,VVS1,D,0.04,0.07,910,8/5/2022
123,123,BR,VVS2,D,0.04,0.07,910,8/5/2022
124,124,BR,VS1,D,0.04,0.07,820,8/5/2022
125,125,BR,VS2,D,0.04,0.07,820,8/5/2022
126,126,BR,SI1,D,0.04,0.07,710,8/5/2022
127,127,BR,SI2,D,0.04,0.07,610,8/5/2022
128,128,BR,SI3,D,0.04,0.07,510,8/5/2022
129,129,BR,I1,D,0.04,0.07,450,8/5/2022
130,130,BR,I2,D,0.04,0.07,400,8/5/2022
131,131,BR,I3,D,0.04,0.07,310,8/5/2022
132,132,BR,IF,E,0.04,0.07,910,8/5/2022
133,133,BR,VVS1,E,0.04,0.07,910,8/5/2022
134,134,BR,VVS2,E,0.04,0.07,910,8/5/2022
135,135,BR,VS1,E,0.04,0.07,820,8/5/2022
136,136,BR,VS2,E,0.04,0.07,820,8/5/2022
137,137,BR,SI1,E,0.04,0.07,710,8/5/2022
138,138,BR,SI2,E,0.04,0.07,610,8/5/2022
139,139,BR,SI3,E,0.04,0.07,510,8/5/2022
140,140,BR,I1,E,0.04,0.07,450,8/5/2022
141,141,BR,I2,E,0.04,0.07,400,8/5/2022
142,142,BR,I3,E,0.04,0.07,310,8/5/2022
143,143,BR,IF,F,0.04,0.07,910,8/5/2022
144,144,BR,VVS1,F,0.04,0.07,910,8/5/2022
145,145,BR,VVS2,F,0.04,0.07,910,8/5/2022
146,146,BR,VS1,F,0.04,0.07,820,8/5/2022
147,147,BR,VS2,F,0.04,0.07,820,8/5/2022
148,148,BR,SI1,F,0.04,0.07,710,8/5/2022
149,149,BR,SI2,F,0.04,0.07,610,8/5/2022
150,150,BR,SI3,F,0.04,0.07,510,8/5/2022
151,151,BR,I1,F,0.04,0.07,450,8/5/2022
152,152,BR,I2,F,0.04,0.07,400,8/5/2022
153,153,BR,I3,F,0.04,0.07,310,8/5/2022
154,154,BR,IF,G,0.04,0.07,780,8/5/2022
155,155,BR,VVS1,G,0.04,0.07,780,8/5/2022
156,156,BR,VVS2,G,0.04,0.07,780,8/5/2022
157,157,BR,VS1,G,0.04,0.07,700,8/5/2022
158,158,BR,VS2,G,0.04,0.07,700,8/5/2022
159,159,BR,SI1,G,0.04,0.07,620,8/5/2022
160,160,BR,SI2,G,0.04,0.07,550,8/5/2022
161,161,BR,SI3,G,0.04,0.07,470,8/5/2022
162,162,BR,I1,G,0.04,0.07,420,8/5/2022
163,163,BR,I2,G,0.04,0.07,360,8/5/2022
164,164,BR,I3,G,0.04,0.07,280,8/5/2022
165,165,BR,IF,H,0.04,0.07,780,8/5/2022
166,166,BR,VVS1,H,0.04,0.07,780,8/5/2022
167,167,BR,VVS2,H,0.04,0.07,780,8/5/2022
168,168,BR,VS1,H,0.04,0.07,700,8/5/2022
169,169,BR,VS2,H,0.04,0.07,700,8/5/2022
170,170,BR,SI1,H,0.04,0.07,620,8/5/2022
171,171,BR,SI2,H,0.04,0.07,550,8/5/2022
172,172,BR,SI3,H,0.04,0.07,470,8/5/2022
173,173,BR,I1,H,0.04,0.07,420,8/5/2022
174,174,BR,I2,H,0.04,0.07,360,8/5/2022
175,175,BR,I3,H,0.04,0.07,280,8/5/2022
176,176,BR,IF,I,0.04,0.07,710,8/5/2022
177,177,BR,VVS1,I,0.04,0.07,710,8/5/2022
178,178,BR,VVS2,I,0.04,0.07,710,8/5/2022
179,179,BR,VS1,I,0.04,0.07,630,8/5/2022
180,180,BR,VS2,I,0.04,0.07,630,8/5/2022
181,181,BR,SI1,I,0.04,0.07,570,8/5/2022
182,182,BR,SI2,I,0.04,0.07,500,8/5/2022
183,183,BR,SI3,I,0.04,0.07,440,8/5/2022
184,184,BR,I1,I,0.04,0.07,390,8/5/2022
185,185,BR,I2,I,0.04,0.07,330,8/5/2022
186,186,BR,I3,I,0.04,0.07,260,8/5/2022
187,187,BR,IF,J,0.04,0.07,710,8/5/2022
188,188,BR,VVS1,J,0.04,0.07,710,8/5/2022
189,189,BR,VVS2,J,0.04,0.07,710,8/5/2022
190,190,BR,VS1,J,0.04,0.07,630,8/5/2022
191,191,BR,VS2,J,0.04,0.07,630,8/5/2022
192,192,BR,SI1,J,0.04,0.07,570,8/5/2022
193,193,BR,SI2,J,0.04,0.07,500,8/5/2022
194,194,BR,SI3,J,0.04,0.07,440,8/5/2022
195,195,BR,I1,J,0.04,0.07,390,8/5/2022
196,196,BR,I2,J,0.04,0.07,330,8/5/2022
197,197,BR,I3,J,0.04,0.07,260,8/5/2022
198,198,BR,IF,K,0.04,0.07,490,8/5/2022
199,199,BR,VVS1,K,0.04,0.07,490,8/5/2022
200,200,BR,VVS2,K,0.04,0.07,490,8/5/2022
201,201,BR,VS1,K,0.04,0.07,440,8/5/2022
202,202,BR,VS2,K,0.04,0.07,440,8/5/2022
203,203,BR,SI1,K,0.04,0.07,400,8/5/2022
204,204,BR,SI2,K,0.04,0.07,350,8/5/2022
205,205,BR,SI3,K,0.04,0.07,310,8/5/2022
206,206,BR,I1,K,0.04,0.07,270,8/5/2022
207,207,BR,I2,K,0.04,0.07,220,8/5/2022
208,208,BR,I3,K,0.04,0.07,170,8/5/2022
209,209,BR,IF,L,0.04,0.07,490,8/5/2022
210,210,BR,VVS1,L,0.04,0.07,490,8/5/2022
211,211,BR,VVS2,L,0.04,0.07,490,8/5/2022
212,212,BR,VS1,L,0.04,0.07,440,8/5/2022
213,213,BR,VS2,L,0.04,0.07,440,8/5/2022
214,214,BR,SI1,L,0.04,0.07,400,8/5/2022
215,215,BR,SI2,L,0.04,0.07,350,8/5/2022
216,216,BR,SI3,L,0.04,0.07,310,8/5/2022
217,217,BR,I1,L,0.04,0.07,270,8/5/2022
218,218,BR,I2,L,0.04,0.07,220,8/5/2022
219,219,BR,I3,L,0.04,0.07,170,8/5/2022
220,220,BR,IF,M,0.04,0.07,330,8/5/2022
221,221,BR,VVS1,M,0.04,0.07,330,8/5/2022
222,222,BR,VVS2,M,0.04,0.07,330,8/5/2022
223,223,BR,VS1,M,0.04,0.07,290,8/5/2022
224,224,BR,VS2,M,0.04,0.07,290,8/5/2022
225,225,BR,SI1,M,0.04,0.07,260,8/5/2022
226,226,BR,SI2,M,0.04,0.07,220,8/5/2022
227,227,BR,SI3,M,0.04,0.07,190,8/5/2022
228,228,BR,I1,M,0.04,0.07,170,8/5/2022
229,229,BR,I2,M,0.04,0.07,150,8/5/2022
230,230,BR,I3,M,0.04,0.07,130,8/5/2022
231,231,BR,IF,N,0.04,0.07,330,8/5/2022
232,232,BR,VVS1,N,0.04,0.07,330,8/5/2022
233,233,BR,VVS2,N,0.04,0.07,330,8/5/2022
234,234,BR,VS1,N,0.04,0.07,290,8/5/2022
235,235,BR,VS2,N,0.04,0.07,290,8/5/2022
236,236,BR,SI1,N,0.04,0.07,260,8/5/2022
237,237,BR,SI2,N,0.04,0.07,220,8/5/2022
238,238,BR,SI3,N,0.04,0.07,190,8/5/2022
239,239,BR,I1,N,0.04,0.07,170,8/5/2022
240,240,BR,I2,N,0.04,0.07,150,8/5/2022
241,241,BR,I3,N,0.04,0.07,130,8/5/2022
242,242,BR,IF,D,0.08,0.14,1060,8/5/2022
243,243,BR,VVS1,D,0.08,0.14,1060,8/5/2022
244,244,BR,VVS2,D,0.08,0.14,1060,8/5/2022
245,245,BR,VS1,D,0.08,0.14,960,8/5/2022
246,246,BR,VS2,D,0.08,0.14,960,8/5/2022
247,247,BR,SI1,D,0.08,0.14,850,8/5/2022
248,248,BR,SI2,D,0.08,0.14,760,8/5/2022
249,249,BR,SI3,D,0.08,0.14,680,8/5/2022
250,250,BR,I1,D,0.08,0.14,570,8/5/2022
251,251,BR,I2,D,0.08,0.14,480,8/5/2022
252,252,BR,I3,D,0.08,0.14,400,8/5/2022
253,253,BR,IF,E,0.08,0.14,1060,8/5/2022
254,254,BR,VVS1,E,0.08,0.14,1060,8/5/2022
255,255,BR,VVS2,E,0.08,0.14,1060,8/5/2022
256,256,BR,VS1,E,0.08,0.14,960,8/5/2022
257,257,BR,VS2,E,0.08,0.14,960,8/5/2022
258,258,BR,SI1,E,0.08,0.14,850,8/5/2022
259,259,BR,SI2,E,0.08,0.14,760,8/5/2022
260,260,BR,SI3,E,0.08,0.14,680,8/5/2022
261,261,BR,I1,E,0.08,0.14,570,8/5/2022
262,262,BR,I2,E,0.08,0.14,480,8/5/2022
263,263,BR,I3,E,0.08,0.14,400,8/5/2022
264,264,BR,IF,F,0.08,0.14,1060,8/5/2022
265,265,BR,VVS1,F,0.08,0.14,1060,8/5/2022
266,266,BR,VVS2,F,0.08,0.14,1060,8/5/2022
267,267,BR,VS1,F,0.08,0.14,960,8/5/2022
268,268,BR,VS2,F,0.08,0.14,960,8/5/2022
269,269,BR,SI1,F,0.08,0.14,850,8/5/2022
270,270,BR,SI2,F,0.08,0.14,760,8/5/2022
271,271,BR,SI3,F,0.08,0.14,680,8/5/2022
272,272,BR,I1,F,0.08,0.14,570,8/5/2022
273,273,BR,I2,F,0.08,0.14,480,8/5/2022
274,274,BR,I3,F,0.08,0.14,400,8/5/2022
275,275,BR,IF,G,0.08,0.14,930,8/5/2022
276,276,BR,VVS1,G,0.08,0.14,930,8/5/2022
277,277,BR,VVS2,G,0.08,0.14,930,8/5/2022
278,278,BR,VS1,G,0.08,0.14,850,8/5/2022
279,279,BR,VS2,G,0.08,0.14,850,8/5/2022
280,280,BR,SI1,G,0.08,0.14,770,8/5/2022
281,281,BR,SI2,G,0.08,0.14,690,8/5/2022
282,282,BR,SI3,G,0.08,0.14,620,8/5/2022
283,283,BR,I1,G,0.08,0.14,520,8/5/2022
284,284,BR,I2,G,0.08,0.14,430,8/5/2022
285,285,BR,I3,G,0.08,0.14,360,8/5/2022
286,286,BR,IF,H,0.08,0.14,930,8/5/2022
287,287,BR,VVS1,H,0.08,0.14,930,8/5/2022
288,288,BR,VVS2,H,0.08,0.14,930,8/5/2022
289,289,BR,VS1,H,0.08,0.14,850,8/5/2022
290,290,BR,VS2,H,0.08,0.14,850,8/5/2022
291,291,BR,SI1,H,0.08,0.14,770,8/5/2022
292,292,BR,SI2,H,0.08,0.14,690,8/5/2022
293,293,BR,SI3,H,0.08,0.14,620,8/5/2022
294,294,BR,I1,H,0.08,0.14,520,8/5/2022
295,295,BR,I2,H,0.08,0.14,430,8/5/2022
296,296,BR,I3,H,0.08,0.14,360,8/5/2022
297,297,BR,IF,I,0.08,0.14,840,8/5/2022
298,298,BR,VVS1,I,0.08,0.14,840,8/5/2022
299,299,BR,VVS2,I,0.08,0.14,840,8/5/2022
300,300,BR,VS1,I,0.08,0.14,770,8/5/2022
301,301,BR,VS2,I,0.08,0.14,770,8/5/2022
302,302,BR,SI1,I,0.08,0.14,700,8/5/2022
303,303,BR,SI2,I,0.08,0.14,630,8/5/2022
304,304,BR,SI3,I,0.08,0.14,560,8/5/2022
305,305,BR,I1,I,0.08,0.14,480,8/5/2022
306,306,BR,I2,I,0.08,0.14,390,8/5/2022
307,307,BR,I3,I,0.08,0.14,320,8/5/2022
308,308,BR,IF,J,0.08,0.14,840,8/5/2022
309,309,BR,VVS1,J,0.08,0.14,840,8/5/2022
310,310,BR,VVS2,J,0.08,0.14,840,8/5/2022
311,311,BR,VS1,J,0.08,0.14,770,8/5/2022
312,312,BR,VS2,J,0.08,0.14,770,8/5/2022
313,313,BR,SI1,J,0.08,0.14,700,8/5/2022
314,314,BR,SI2,J,0.08,0.14,630,8/5/2022
315,315,BR,SI3,J,0.08,0.14,560,8/5/2022
316,316,BR,I1,J,0.08,0.14,480,8/5/2022
317,317,BR,I2,J,0.08,0.14,390,8/5/2022
318,318,BR,I3,J,0.08,0.14,320,8/5/2022
319,319,BR,IF,K,0.08,0.14,660,8/5/2022
320,320,BR,VVS1,K,0.08,0.14,660,8/5/2022
321,321,BR,VVS2,K,0.08,0.14,660,8/5/2022
322,322,BR,VS1,K,0.08,0.14,590,8/5/2022
323,323,BR,VS2,K,0.08,0.14,590,8/5/2022
324,324,BR,SI1,K,0.08,0.14,530,8/5/2022
325,325,BR,SI2,K,0.08,0.14,470,8/5/2022
326,326,BR,SI3,K,0.08,0.14,400,8/5/2022
327,327,BR,I1,K,0.08,0.14,340,8/5/2022
328,328,BR,I2,K,0.08,0.14,280,8/5/2022
329,329,BR,I3,K,0.08,0.14,230,8/5/2022
330,330,BR,IF,L,0.08,0.14,660,8/5/2022
331,331,BR,VVS1,L,0.08,0.14,660,8/5/2022
332,332,BR,VVS2,L,0.08,0.14,660,8/5/2022
333,333,BR,VS1,L,0.08,0.14,590,8/5/2022
334,334,BR,VS2,L,0.08,0.14,590,8/5/2022
335,335,BR,SI1,L,0.08,0.14,530,8/5/2022
336,336,BR,SI2,L,0.08,0.14,470,8/5/2022
337,337,BR,SI3,L,0.08,0.14,400,8/5/2022
338,338,BR,I1,L,0.08,0.14,340,8/5/2022
339,339,BR,I2,L,0.08,0.14,280,8/5/2022
340,340,BR,I3,L,0.08,0.14,230,8/5/2022
341,341,BR,IF,M,0.08,0.14,430,8/5/2022
342,342,BR,VVS1,M,0.08,0.14,430,8/5/2022
343,343,BR,VVS2,M,0.08,0.14,430,8/5/2022
344,344,BR,VS1,M,0.08,0.14,390,8/5/2022
345,345,BR,VS2,M,0.08,0.14,390,8/5/2022
346,346,BR,SI1,M,0.08,0.14,350,8/5/2022
347,347,BR,SI2,M,0.08,0.14,300,8/5/2022
348,348,BR,SI3,M,0.08,0.14,260,8/5/2022
349,349,BR,I1,M,0.08,0.14,220,8/5/2022
350,350,BR,I2,M,0.08,0.14,190,8/5/2022
351,351,BR,I3,M,0.08,0.14,160,8/5/2022
352,352,BR,IF,N,0.08,0.14,430,8/5/2022
353,353,BR,VVS1,N,0.08,0.14,430,8/5/2022
354,354,BR,VVS2,N,0.08,0.14,430,8/5/2022
355,355,BR,VS1,N,0.08,0.14,390,8/5/2022
356,356,BR,VS2,N,0.08,0.14,390,8/5/2022
357,357,BR,SI1,N,0.08,0.14,350,8/5/2022
358,358,BR,SI2,N,0.08,0.14,300,8/5/2022
359,359,BR,SI3,N,0.08,0.14,260,8/5/2022
360,360,BR,I1,N,0.08,0.14,220,8/5/2022
361,361,BR,I2,N,0.08,0.14,190,8/5/2022
362,362,BR,I3,N,0.08,0.14,160,8/5/2022
363,363,BR,IF,D,0.15,0.17,1250,8/5/2022
364,364,BR,VVS1,D,0.15,0.17,1250,8/5/2022
365,365,BR,VVS2,D,0.15,0.17,1250,8/5/2022
366,366,BR,VS1,D,0.15,0.17,1110,8/5/2022
367,367,BR,VS2,D,0.15,0.17,1110,8/5/2022
368,368,BR,SI1,D,0.15,0.17,980,8/5/2022
369,369,BR,SI2,D,0.15,0.17,870,8/5/2022
370,370,BR,SI3,D,0.15,0.17,760,8/5/2022
371,371,BR,I1,D,0.15,0.17,640,8/5/2022
372,372,BR,I2,D,0.15,0.17,520,8/5/2022
373,373,BR,I3,D,0.15,0.17,440,8/5/2022
374,374,BR,IF,E,0.15,0.17,1250,8/5/2022
375,375,BR,VVS1,E,0.15,0.17,1250,8/5/2022
376,376,BR,VVS2,E,0.15,0.17,1250,8/5/2022
377,377,BR,VS1,E,0.15,0.17,1110,8/5/2022
378,378,BR,VS2,E,0.15,0.17,1110,8/5/2022
379,379,BR,SI1,E,0.15,0.17,980,8/5/2022
380,380,BR,SI2,E,0.15,0.17,870,8/5/2022
381,381,BR,SI3,E,0.15,0.17,760,8/5/2022
382,382,BR,I1,E,0.15,0.17,640,8/5/2022
383,383,BR,I2,E,0.15,0.17,520,8/5/2022
384,384,BR,I3,E,0.15,0.17,440,8/5/2022
385,385,BR,IF,F,0.15,0.17,1250,8/5/2022
386,386,BR,VVS1,F,0.15,0.17,1250,8/5/2022
387,387,BR,VVS2,F,0.15,0.17,1250,8/5/2022
388,388,BR,VS1,F,0.15,0.17,1110,8/5/2022
389,389,BR,VS2,F,0.15,0.17,1110,8/5/2022
390,390,BR,SI1,F,0.15,0.17,980,8/5/2022
391,391,BR,SI2,F,0.15,0.17,870,8/5/2022
392,392,BR,SI3,F,0.15,0.17,760,8/5/2022
393,393,BR,I1,F,0.15,0.17,640,8/5/2022
394,394,BR,I2,F,0.15,0.17,520,8/5/2022
395,395,BR,I3,F,0.15,0.17,440,8/5/2022
396,396,BR,IF,G,0.15,0.17,1100,8/5/2022
397,397,BR,VVS1,G,0.15,0.17,1100,8/5/2022
398,398,BR,VVS2,G,0.15,0.17,1100,8/5/2022
399,399,BR,VS1,G,0.15,0.17,990,8/5/2022
400,400,BR,VS2,G,0.15,0.17,990,8/5/2022
401,401,BR,SI1,G,0.15,0.17,870,8/5/2022
402,402,BR,SI2,G,0.15,0.17,770,8/5/2022
403,403,BR,SI3,G,0.15,0.17,680,8/5/2022
404,404,BR,I1,G,0.15,0.17,570,8/5/2022
405,405,BR,I2,G,0.15,0.17,470,8/5/2022
406,406,BR,I3,G,0.15,0.17,400,8/5/2022
407,407,BR,IF,H,0.15,0.17,1100,8/5/2022
408,408,BR,VVS1,H,0.15,0.17,1100,8/5/2022
409,409,BR,VVS2,H,0.15,0.17,1100,8/5/2022
410,410,BR,VS1,H,0.15,0.17,990,8/5/2022
411,411,BR,VS2,H,0.15,0.17,990,8/5/2022
412,412,BR,SI1,H,0.15,0.17,870,8/5/2022
413,413,BR,SI2,H,0.15,0.17,770,8/5/2022
414,414,BR,SI3,H,0.15,0.17,680,8/5/2022
415,415,BR,I1,H,0.15,0.17,570,8/5/2022
416,416,BR,I2,H,0.15,0.17,470,8/5/2022
417,417,BR,I3,H,0.15,0.17,400,8/5/2022
418,418,BR,IF,I,0.15,0.17,1010,8/5/2022
419,419,BR,VVS1,I,0.15,0.17,1010,8/5/2022
420,420,BR,VVS2,I,0.15,0.17,1010,8/5/2022
421,421,BR,VS1,I,0.15,0.17,900,8/5/2022
422,422,BR,VS2,I,0.15,0.17,900,8/5/2022
423,423,BR,SI1,I,0.15,0.17,780,8/5/2022
424,424,BR,SI2,I,0.15,0.17,690,8/5/2022
425,425,BR,SI3,I,0.15,0.17,600,8/5/2022
426,426,BR,I1,I,0.15,0.17,520,8/5/2022
427,427,BR,I2,I,0.15,0.17,430,8/5/2022
428,428,BR,I3,I,0.15,0.17,360,8/5/2022
429,429,BR,IF,J,0.15,0.17,1010,8/5/2022
430,430,BR,VVS1,J,0.15,0.17,1010,8/5/2022
431,431,BR,VVS2,J,0.15,0.17,1010,8/5/2022
432,432,BR,VS1,J,0.15,0.17,900,8/5/2022
433,433,BR,VS2,J,0.15,0.17,900,8/5/2022
434,434,BR,SI1,J,0.15,0.17,780,8/5/2022
435,435,BR,SI2,J,0.15,0.17,690,8/5/2022
436,436,BR,SI3,J,0.15,0.17,600,8/5/2022
437,437,BR,I1,J,0.15,0.17,520,8/5/2022
438,438,BR,I2,J,0.15,0.17,430,8/5/2022
439,439,BR,I3,J,0.15,0.17,360,8/5/2022
440,440,BR,IF,K,0.15,0.17,770,8/5/2022
441,441,BR,VVS1,K,0.15,0.17,770,8/5/2022
442,442,BR,VVS2,K,0.15,0.17,770,8/5/2022
443,443,BR,VS1,K,0.15,0.17,680,8/5/2022
444,444,BR,VS2,K,0.15,0.17,680,8/5/2022
445,445,BR,SI1,K,0.15,0.17,590,8/5/2022
446,446,BR,SI2,K,0.15,0.17,510,8/5/2022
447,447,BR,SI3,K,0.15,0.17,430,8/5/2022
448,448,BR,I1,K,0.15,0.17,370,8/5/2022
449,449,BR,I2,K,0.15,0.17,310,8/5/2022
450,450,BR,I3,K,0.15,0.17,260,8/5/2022
451,451,BR,IF,L,0.15,0.17,770,8/5/2022
452,452,BR,VVS1,L,0.15,0.17,770,8/5/2022
453,453,BR,VVS2,L,0.15,0.17,770,8/5/2022
454,454,BR,VS1,L,0.15,0.17,680,8/5/2022
455,455,BR,VS2,L,0.15,0.17,680,8/5/2022
456,456,BR,SI1,L,0.15,0.17,590,8/5/2022
457,457,BR,SI2,L,0.15,0.17,510,8/5/2022
458,458,BR,SI3,L,0.15,0.17,430,8/5/2022
459,459,BR,I1,L,0.15,0.17,370,8/5/2022
460,460,BR,I2,L,0.15,0.17,310,8/5/2022
461,461,BR,I3,L,0.15,0.17,260,8/5/2022
462,462,BR,IF,M,0.15,0.17,530,8/5/2022
463,463,BR,VVS1,M,0.15,0.17,530,8/5/2022
464,464,BR,VVS2,M,0.15,0.17,530,8/5/2022
465,465,BR,VS1,M,0.15,0.17,470,8/5/2022
466,466,BR,VS2,M,0.15,0.17,470,8/5/2022
467,467,BR,SI1,M,0.15,0.17,410,8/5/2022
468,468,BR,SI2,M,0.15,0.17,360,8/5/2022
469,469,BR,SI3,M,0.15,0.17,310,8/5/2022
470,470,BR,I1,M,0.15,0.17,260,8/5/2022
471,471,BR,I2,M,0.15,0.17,220,8/5/2022
472,472,BR,I3,M,0.15,0.17,180,8/5/2022
473,473,BR,IF,N,0.15,0.17,530,8/5/2022
474,474,BR,VVS1,N,0.15,0.17,530,8/5/2022
475,475,BR,VVS2,N,0.15,0.17,530,8/5/2022
476,476,BR,VS1,N,0.15,0.17,470,8/5/2022
477,477,BR,VS2,N,0.15,0.17,470,8/5/2022
478,478,BR,SI1,N,0.15,0.17,410,8/5/2022
479,479,BR,SI2,N,0.15,0.17,360,8/5/2022
480,480,BR,SI3,N,0.15,0.17,310,8/5/2022
481,481,BR,I1,N,0.15,0.17,260,8/5/2022
482,482,BR,I2,N,0.15,0.17,220,8/5/2022
483,483,BR,I3,N,0.15,0.17,180,8/5/2022
484,484,BR,IF,D,0.18,0.22,1510,8/5/2022
485,485,BR,VVS1,D,0.18,0.22,1510,8/5/2022
486,486,BR,VVS2,D,0.18,0.22,1510,8/5/2022
487,487,BR,VS1,D,0.18,0.22,1300,8/5/2022
488,488,BR,VS2,D,0.18,0.22,1300,8/5/2022
489,489,BR,SI1,D,0.18,0.22,1100,8/5/2022
490,490,BR,SI2,D,0.18,0.22,950,8/5/2022
491,491,BR,SI3,D,0.18,0.22,830,8/5/2022
492,492,BR,I1,D,0.18,0.22,690,8/5/2022
493,493,BR,I2,D,0.18,0.22,560,8/5/2022
494,494,BR,I3,D,0.18,0.22,480,8/5/2022
495,495,BR,IF,E,0.18,0.22,1510,8/5/2022
496,496,BR,VVS1,E,0.18,0.22,1510,8/5/2022
497,497,BR,VVS2,E,0.18,0.22,1510,8/5/2022
498,498,BR,VS1,E,0.18,0.22,1300,8/5/2022
499,499,BR,VS2,E,0.18,0.22,1300,8/5/2022
500,500,BR,SI1,E,0.18,0.22,1100,8/5/2022
501,501,BR,SI2,E,0.18,0.22,950,8/5/2022
502,502,BR,SI3,E,0.18,0.22,830,8/5/2022
503,503,BR,I1,E,0.18,0.22,690,8/5/2022
504,504,BR,I2,E,0.18,0.22,560,8/5/2022
505,505,BR,I3,E,0.18,0.22,480,8/5/2022
506,506,BR,IF,F,0.18,0.22,1510,8/5/2022
507,507,BR,VVS1,F,0.18,0.22,1510,8/5/2022
508,508,BR,VVS2,F,0.18,0.22,1510,8/5/2022
509,509,BR,VS1,F,0.18,0.22,1300,8/5/2022
510,510,BR,VS2,F,0.18,0.22,1300,8/5/2022
511,511,BR,SI1,F,0.18,0.22,1100,8/5/2022
512,512,BR,SI2,F,0.18,0.22,950,8/5/2022
513,513,BR,SI3,F,0.18,0.22,830,8/5/2022
514,514,BR,I1,F,0.18,0.22,690,8/5/2022
515,515,BR,I2,F,0.18,0.22,560,8/5/2022
516,516,BR,I3,F,0.18,0.22,480,8/5/2022
517,517,BR,IF,G,0.18,0.22,1350,8/5/2022
518,518,BR,VVS1,G,0.18,0.22,1350,8/5/2022
519,519,BR,VVS2,G,0.18,0.22,1350,8/5/2022
520,520,BR,VS1,G,0.18,0.22,1170,8/5/2022
521,521,BR,VS2,G,0.18,0.22,1170,8/5/2022
522,522,BR,SI1,G,0.18,0.22,1000,8/5/2022
523,523,BR,SI2,G,0.18,0.22,860,8/5/2022
524,524,BR,SI3,G,0.18,0.22,740,8/5/2022
525,525,BR,I1,G,0.18,0.22,630,8/5/2022
526,526,BR,I2,G,0.18,0.22,510,8/5/2022
527,527,BR,I3,G,0.18,0.22,430,8/5/2022
528,528,BR,IF,H,0.18,0.22,1350,8/5/2022
529,529,BR,VVS1,H,0.18,0.22,1350,8/5/2022
530,530,BR,VVS2,H,0.18,0.22,1350,8/5/2022
531,531,BR,VS1,H,0.18,0.22,1170,8/5/2022
532,532,BR,VS2,H,0.18,0.22,1170,8/5/2022
533,533,BR,SI1,H,0.18,0.22,1000,8/5/2022
534,534,BR,SI2,H,0.18,0.22,860,8/5/2022
535,535,BR,SI3,H,0.18,0.22,740,8/5/2022
536,536,BR,I1,H,0.18,0.22,630,8/5/2022
537,537,BR,I2,H,0.18,0.22,510,8/5/2022
538,538,BR,I3,H,0.18,0.22,430,8/5/2022
539,539,BR,IF,I,0.18,0.22,1160,8/5/2022
540,540,BR,VVS1,I,0.18,0.22,1160,8/5/2022
541,541,BR,VVS2,I,0.18,0.22,1160,8/5/2022
542,542,BR,VS1,I,0.18,0.22,1010,8/5/2022
543,543,BR,VS2,I,0.18,0.22,1010,8/5/2022
544,544,BR,SI1,I,0.18,0.22,870,8/5/2022
545,545,BR,SI2,I,0.18,0.22,760,8/5/2022
546,546,BR,SI3,I,0.18,0.22,660,8/5/2022
547,547,BR,I1,I,0.18,0.22,560,8/5/2022
548,548,BR,I2,I,0.18,0.22,460,8/5/2022
549,549,BR,I3,I,0.18,0.22,390,8/5/2022
550,550,BR,IF,J,0.18,0.22,1160,8/5/2022
551,551,BR,VVS1,J,0.18,0.22,1160,8/5/2022
552,552,BR,VVS2,J,0.18,0.22,1160,8/5/2022
553,553,BR,VS1,J,0.18,0.22,1010,8/5/2022
554,554,BR,VS2,J,0.18,0.22,1010,8/5/2022
555,555,BR,SI1,J,0.18,0.22,870,8/5/2022
556,556,BR,SI2,J,0.18,0.22,760,8/5/2022
557,557,BR,SI3,J,0.18,0.22,660,8/5/2022
558,558,BR,I1,J,0.18,0.22,560,8/5/2022
559,559,BR,I2,J,0.18,0.22,460,8/5/2022
560,560,BR,I3,J,0.18,0.22,390,8/5/2022
561,561,BR,IF,K,0.18,0.22,870,8/5/2022
562,562,BR,VVS1,K,0.18,0.22,870,8/5/2022
563,563,BR,VVS2,K,0.18,0.22,870,8/5/2022
564,564,BR,VS1,K,0.18,0.22,750,8/5/2022
565,565,BR,VS2,K,0.18,0.22,750,8/5/2022
566,566,BR,SI1,K,0.18,0.22,650,8/5/2022
567,567,BR,SI2,K,0.18,0.22,560,8/5/2022
568,568,BR,SI3,K,0.18,0.22,480,8/5/2022
569,569,BR,I1,K,0.18,0.22,400,8/5/2022
570,570,BR,I2,K,0.18,0.22,340,8/5/2022
571,571,BR,I3,K,0.18,0.22,280,8/5/2022
572,572,BR,IF,L,0.18,0.22,870,8/5/2022
573,573,BR,VVS1,L,0.18,0.22,870,8/5/2022
574,574,BR,VVS2,L,0.18,0.22,870,8/5/2022
575,575,BR,VS1,L,0.18,0.22,750,8/5/2022
576,576,BR,VS2,L,0.18,0.22,750,8/5/2022
577,577,BR,SI1,L,0.18,0.22,650,8/5/2022
578,578,BR,SI2,L,0.18,0.22,560,8/5/2022
579,579,BR,SI3,L,0.18,0.22,480,8/5/2022
580,580,BR,I1,L,0.18,0.22,400,8/5/2022
581,581,BR,I2,L,0.18,0.22,340,8/5/2022
582,582,BR,I3,L,0.18,0.22,280,8/5/2022
583,583,BR,IF,M,0.18,0.22,690,8/5/2022
584,584,BR,VVS1,M,0.18,0.22,690,8/5/2022
585,585,BR,VVS2,M,0.18,0.22,690,8/5/2022
586,586,BR,VS1,M,0.18,0.22,590,8/5/2022
587,587,BR,VS2,M,0.18,0.22,590,8/5/2022
588,588,BR,SI1,M,0.18,0.22,510,8/5/2022
589,589,BR,SI2,M,0.18,0.22,430,8/5/2022
590,590,BR,SI3,M,0.18,0.22,360,8/5/2022
591,591,BR,I1,M,0.18,0.22,290,8/5/2022
592,592,BR,I2,M,0.18,0.22,240,8/5/2022
593,593,BR,I3,M,0.18,0.22,200,8/5/2022
594,594,BR,IF,N,0.18,0.22,690,8/5/2022
595,595,BR,VVS1,N,0.18,0.22,690,8/5/2022
596,596,BR,VVS2,N,0.18,0.22,690,8/5/2022
597,597,BR,VS1,N,0.18,0.22,590,8/5/2022
598,598,BR,VS2,N,0.18,0.22,590,8/5/2022
599,599,BR,SI1,N,0.18,0.22,510,8/5/2022
600,600,BR,SI2,N,0.18,0.22,430,8/5/2022
601,601,BR,SI3,N,0.18,0.22,360,8/5/2022
602,602,BR,I1,N,0.18,0.22,290,8/5/2022
603,603,BR,I2,N,0.18,0.22,240,8/5/2022
604,604,BR,I3,N,0.18,0.22,200,8/5/2022
605,605,BR,IF,D,0.23,0.29,1830,8/5/2022
606,606,BR,VVS1,D,0.23,0.29,1830,8/5/2022
607,607,BR,VVS2,D,0.23,0.29,1830,8/5/2022
608,608,BR,VS1,D,0.23,0.29,1590,8/5/2022
609,609,BR,VS2,D,0.23,0.29,1590,8/5/2022
610,610,BR,SI1,D,0.23,0.29,1290,8/5/2022
611,611,BR,SI2,D,0.23,0.29,1080,8/5/2022
612,612,BR,SI3,D,0.23,0.29,900,8/5/2022
613,613,BR,I1,D,0.23,0.29,760,8/5/2022
614,614,BR,I2,D,0.23,0.29,600,8/5/2022
615,615,BR,I3,D,0.23,0.29,510,8/5/2022
616,616,BR,IF,E,0.23,0.29,1830,8/5/2022
617,617,BR,VVS1,E,0.23,0.29,1830,8/5/2022
618,618,BR,VVS2,E,0.23,0.29,1830,8/5/2022
619,619,BR,VS1,E,0.23,0.29,1590,8/5/2022
620,620,BR,VS2,E,0.23,0.29,1590,8/5/2022
621,621,BR,SI1,E,0.23,0.29,1290,8/5/2022
622,622,BR,SI2,E,0.23,0.29,1080,8/5/2022
623,623,BR,SI3,E,0.23,0.29,900,8/5/2022
624,624,BR,I1,E,0.23,0.29,760,8/5/2022
625,625,BR,I2,E,0.23,0.29,600,8/5/2022
626,626,BR,I3,E,0.23,0.29,510,8/5/2022
627,627,BR,IF,F,0.23,0.29,1830,8/5/2022
628,628,BR,VVS1,F,0.23,0.29,1830,8/5/2022
629,629,BR,VVS2,F,0.23,0.29,1830,8/5/2022
630,630,BR,VS1,F,0.23,0.29,1590,8/5/2022
631,631,BR,VS2,F,0.23,0.29,1590,8/5/2022
632,632,BR,SI1,F,0.23,0.29,1290,8/5/2022
633,633,BR,SI2,F,0.23,0.29,1080,8/5/2022
634,634,BR,SI3,F,0.23,0.29,900,8/5/2022
635,635,BR,I1,F,0.23,0.29,760,8/5/2022
636,636,BR,I2,F,0.23,0.29,600,8/5/2022
637,637,BR,I3,F,0.23,0.29,510,8/5/2022
638,638,BR,IF,G,0.23,0.29,1610,8/5/2022
639,639,BR,VVS1,G,0.23,0.29,1610,8/5/2022
640,640,BR,VVS2,G,0.23,0.29,1610,8/5/2022
641,641,BR,VS1,G,0.23,0.29,1390,8/5/2022
642,642,BR,VS2,G,0.23,0.29,1390,8/5/2022
643,643,BR,SI1,G,0.23,0.29,1140,8/5/2022
644,644,BR,SI2,G,0.23,0.29,960,8/5/2022
645,645,BR,SI3,G,0.23,0.29,820,8/5/2022
646,646,BR,I1,G,0.23,0.29,690,8/5/2022
647,647,BR,I2,G,0.23,0.29,550,8/5/2022
648,648,BR,I3,G,0.23,0.29,460,8/5/2022
649,649,BR,IF,H,0.23,0.29,1610,8/5/2022
650,650,BR,VVS1,H,0.23,0.29,1610,8/5/2022
651,651,BR,VVS2,H,0.23,0.29,1610,8/5/2022
652,652,BR,VS1,H,0.23,0.29,1390,8/5/2022
653,653,BR,VS2,H,0.23,0.29,1390,8/5/2022
654,654,BR,SI1,H,0.23,0.29,1140,8/5/2022
655,655,BR,SI2,H,0.23,0.29,960,8/5/2022
656,656,BR,SI3,H,0.23,0.29,820,8/5/2022
657,657,BR,I1,H,0.23,0.29,690,8/5/2022
658,658,BR,I2,H,0.23,0.29,550,8/5/2022
659,659,BR,I3,H,0.23,0.29,460,8/5/2022
660,660,BR,IF,I,0.23,0.29,1330,8/5/2022
661,661,BR,VVS1,I,0.23,0.29,1330,8/5/2022
662,662,BR,VVS2,I,0.23,0.29,1330,8/5/2022
663,663,BR,VS1,I,0.23,0.29,1160,8/5/2022
664,664,BR,VS2,I,0.23,0.29,1160,8/5/2022
665,665,BR,SI1,I,0.23,0.29,980,8/5/2022
666,666,BR,SI2,I,0.23,0.29,840,8/5/2022
667,667,BR,SI3,I,0.23,0.29,720,8/5/2022
668,668,BR,I1,I,0.23,0.29,620,8/5/2022
669,669,BR,I2,I,0.23,0.29,500,8/5/2022
670,670,BR,I3,I,0.23,0.29,420,8/5/2022
671,671,BR,IF,J,0.23,0.29,1330,8/5/2022
672,672,BR,VVS1,J,0.23,0.29,1330,8/5/2022
673,673,BR,VVS2,J,0.23,0.29,1330,8/5/2022
674,674,BR,VS1,J,0.23,0.29,1160,8/5/2022
675,675,BR,VS2,J,0.23,0.29,1160,8/5/2022
676,676,BR,SI1,J,0.23,0.29,980,8/5/2022
677,677,BR,SI2,J,0.23,0.29,840,8/5/2022
678,678,BR,SI3,J,0.23,0.29,720,8/5/2022
679,679,BR,I1,J,0.23,0.29,620,8/5/2022
680,680,BR,I2,J,0.23,0.29,500,8/5/2022
681,681,BR,I3,J,0.23,0.29,420,8/5/2022
682,682,BR,IF,K,0.23,0.29,1050,8/5/2022
683,683,BR,VVS1,K,0.23,0.29,1050,8/5/2022
684,684,BR,VVS2,K,0.23,0.29,1050,8/5/2022
685,685,BR,VS1,K,0.23,0.29,910,8/5/2022
686,686,BR,VS2,K,0.23,0.29,910,8/5/2022
687,687,BR,SI1,K,0.23,0.29,780,8/5/2022
688,688,BR,SI2,K,0.23,0.29,670,8/5/2022
689,689,BR,SI3,K,0.23,0.29,570,8/5/2022
690,690,BR,I1,K,0.23,0.29,460,8/5/2022
691,691,BR,I2,K,0.23,0.29,370,8/5/2022
692,692,BR,I3,K,0.23,0.29,300,8/5/2022
693,693,BR,IF,L,0.23,0.29,1050,8/5/2022
694,694,BR,VVS1,L,0.23,0.29,1050,8/5/2022
695,695,BR,VVS2,L,0.23,0.29,1050,8/5/2022
696,696,BR,VS1,L,0.23,0.29,910,8/5/2022
697,697,BR,VS2,L,0.23,0.29,910,8/5/2022
698,698,BR,SI1,L,0.23,0.29,780,8/5/2022
699,699,BR,SI2,L,0.23,0.29,670,8/5/2022
700,700,BR,SI3,L,0.23,0.29,570,8/5/2022
701,701,BR,I1,L,0.23,0.29,460,8/5/2022
702,702,BR,I2,L,0.23,0.29,370,8/5/2022
703,703,BR,I3,L,0.23,0.29,300,8/5/2022
704,704,BR,IF,M,0.23,0.29,860,8/5/2022
705,705,BR,VVS1,M,0.23,0.29,860,8/5/2022
706,706,BR,VVS2,M,0.23,0.29,860,8/5/2022
707,707,BR,VS1,M,0.23,0.29,740,8/5/2022
708,708,BR,VS2,M,0.23,0.29,740,8/5/2022
709,709,BR,SI1,M,0.23,0.29,620,8/5/2022
710,710,BR,SI2,M,0.23,0.29,530,8/5/2022
711,711,BR,SI3,M,0.23,0.29,460,8/5/2022
712,712,BR,I1,M,0.23,0.29,360,8/5/2022
713,713,BR,I2,M,0.23,0.29,280,8/5/2022
714,714,BR,I3,M,0.23,0.29,220,8/5/2022
715,715,BR,IF,N,0.23,0.29,860,8/5/2022
716,716,BR,VVS1,N,0.23,0.29,860,8/5/2022
717,717,BR,VVS2,N,0.23,0.29,860,8/5/2022
718,718,BR,VS1,N,0.23,0.29,740,8/5/2022
719,719,BR,VS2,N,0.23,0.29,740,8/5/2022
720,720,BR,SI1,N,0.23,0.29,620,8/5/2022
721,721,BR,SI2,N,0.23,0.29,530,8/5/2022
722,722,BR,SI3,N,0.23,0.29,460,8/5/2022
723,723,BR,I1,N,0.23,0.29,360,8/5/2022
724,724,BR,I2,N,0.23,0.29,280,8/5/2022
725,725,BR,I3,N,0.23,0.29,220,8/5/2022
726,726,BR,IF,D,0.3,0.39,3900,8/5/2022
727,727,BR,VVS1,D,0.3,0.39,3100,8/5/2022
728,728,BR,VVS2,D,0.3,0.39,2800,8/5/2022
729,729,BR,VS1,D,0.3,0.39,2600,8/5/2022
730,730,BR,VS2,D,0.3,0.39,2300,8/5/2022
731,731,BR,SI1,D,0.3,0.39,2100,8/5/2022
732,732,BR,SI2,D,0.3,0.39,1800,8/5/2022
733,733,BR,SI3,D,0.3,0.39,1700,8/5/2022
734,734,BR,I1,D,0.3,0.39,1600,8/5/2022
735,735,BR,I2,D,0.3,0.39,1100,8/5/2022
736,736,BR,I3,D,0.3,0.39,700,8/5/2022
737,737,BR,IF,E,0.3,0.39,3100,8/5/2022
738,738,BR,VVS1,E,0.3,0.39,2900,8/5/2022
739,739,BR,VVS2,E,0.3,0.39,2600,8/5/2022
740,740,BR,VS1,E,0.3,0.39,2400,8/5/2022
741,741,BR,VS2,E,0.3,0.39,2200,8/5/2022
742,742,BR,SI1,E,0.3,0.39,2000,8/5/2022
743,743,BR,SI2,E,0.3,0.39,1700,8/5/2022
744,744,BR,SI3,E,0.3,0.39,1600,8/5/2022
745,745,BR,I1,E,0.3,0.39,1500,8/5/2022
746,746,BR,I2,E,0.3,0.39,1000,8/5/2022
747,747,BR,I3,E,0.3,0.39,600,8/5/2022
748,748,BR,IF,F,0.3,0.39,2900,8/5/2022
749,749,BR,VVS1,F,0.3,0.39,2700,8/5/2022
750,750,BR,VVS2,F,0.3,0.39,2500,8/5/2022
751,751,BR,VS1,F,0.3,0.39,2300,8/5/2022
752,752,BR,VS2,F,0.3,0.39,2100,8/5/2022
753,753,BR,SI1,F,0.3,0.39,1900,8/5/2022
754,754,BR,SI2,F,0.3,0.39,1600,8/5/2022
755,755,BR,SI3,F,0.3,0.39,1500,8/5/2022
756,756,BR,I1,F,0.3,0.39,1400,8/5/2022
757,757,BR,I2,F,0.3,0.39,1000,8/5/2022
758,758,BR,I3,F,0.3,0.39,600,8/5/2022
759,759,BR,IF,G,0.3,0.39,2600,8/5/2022
760,760,BR,VVS1,G,0.3,0.39,2500,8/5/2022
761,761,BR,VVS2,G,0.3,0.39,2300,8/5/2022
762,762,BR,VS1,G,0.3,0.39,2200,8/5/2022
763,763,BR,VS2,G,0.3,0.39,2000,8/5/2022
764,764,BR,SI1,G,0.3,0.39,1800,8/5/2022
765,765,BR,SI2,G,0.3,0.39,1500,8/5/2022
766,766,BR,SI3,G,0.3,0.39,1400,8/5/2022
767,767,BR,I1,G,0.3,0.39,1300,8/5/2022
768,768,BR,I2,G,0.3,0.39,900,8/5/2022
769,769,BR,I3,G,0.3,0.39,500,8/5/2022
770,770,BR,IF,H,0.3,0.39,2400,8/5/2022
771,771,BR,VVS1,H,0.3,0.39,2300,8/5/2022
772,772,BR,VVS2,H,0.3,0.39,2200,8/5/2022
773,773,BR,VS1,H,0.3,0.39,2100,8/5/2022
774,774,BR,VS2,H,0.3,0.39,1900,8/5/2022
775,775,BR,SI1,H,0.3,0.39,1700,8/5/2022
776,776,BR,SI2,H,0.3,0.39,1400,8/5/2022
777,777,BR,SI3,H,0.3,0.39,1200,8/5/2022
778,778,BR,I1,H,0.3,0.39,1100,8/5/2022
779,779,BR,I2,H,0.3,0.39,800,8/5/2022
780,780,BR,I3,H,0.3,0.39,500,8/5/2022
781,781,BR,IF,I,0.3,0.39,2200,8/5/2022
782,782,BR,VVS1,I,0.3,0.39,2100,8/5/2022
783,783,BR,VVS2,I,0.3,0.39,2000,8/5/2022
784,784,BR,VS1,I,0.3,0.39,1900,8/5/2022
785,785,BR,VS2,I,0.3,0.39,1700,8/5/2022
786,786,BR,SI1,I,0.3,0.39,1500,8/5/2022
787,787,BR,SI2,I,0.3,0.39,1300,8/5/2022
788,788,BR,SI3,I,0.3,0.39,1000,8/5/2022
789,789,BR,I1,I,0.3,0.39,900,8/5/2022
790,790,BR,I2,I,0.3,0.39,700,8/5/2022
791,791,BR,I3,I,0.3,0.39,500,8/5/2022
792,792,BR,IF,J,0.3,0.39,1900,8/5/2022
793,793,BR,VVS1,J,0.3,0.39,1800,8/5/2022
794,794,BR,VVS2,J,0.3,0.39,1700,8/5/2022
795,795,BR,VS1,J,0.3,0.39,1600,8/5/2022
796,796,BR,VS2,J,0.3,0.39,1500,8/5/2022
797,797,BR,SI1,J,0.3,0.39,1300,8/5/2022
798,798,BR,SI2,J,0.3,0.39,1100,8/5/2022
799,799,BR,SI3,J,0.3,0.39,900,8/5/2022
800,800,BR,I1,J,0.3,0.39,800,8/5/2022
801,801,BR,I2,J,0.3,0.39,700,8/5/2022
802,802,BR,I3,J,0.3,0.39,400,8/5/2022
803,803,BR,IF,K,0.3,0.39,1700,8/5/2022
804,804,BR,VVS1,K,0.3,0.39,1600,8/5/2022
805,805,BR,VVS2,K,0.3,0.39,1500,8/5/2022
806,806,BR,VS1,K,0.3,0.39,1400,8/5/2022
807,807,BR,VS2,K,0.3,0.39,1300,8/5/2022
808,808,BR,SI1,K,0.3,0.39,1100,8/5/2022
809,809,BR,SI2,K,0.3,0.39,900,8/5/2022
810,810,BR,SI3,K,0.3,0.39,800,8/5/2022
811,811,BR,I1,K,0.3,0.39,700,8/5/2022
812,812,BR,I2,K,0.3,0.39,600,8/5/2022
813,813,BR,I3,K,0.3,0.39,400,8/5/2022
814,814,BR,IF,L,0.3,0.39,1500,8/5/2022
815,815,BR,VVS1,L,0.3,0.39,1400,8/5/2022
816,816,BR,VVS2,L,0.3,0.39,1300,8/5/2022
817,817,BR,VS1,L,0.3,0.39,1200,8/5/2022
818,818,BR,VS2,L,0.3,0.39,1100,8/5/2022
819,819,BR,SI1,L,0.3,0.39,900,8/5/2022
820,820,BR,SI2,L,0.3,0.39,800,8/5/2022
821,821,BR,SI3,L,0.3,0.39,700,8/5/2022
822,822,BR,I1,L,0.3,0.39,600,8/5/2022
823,823,BR,I2,L,0.3,0.39,500,8/5/2022
824,824,BR,I3,L,0.3,0.39,300,8/5/2022
825,825,BR,IF,M,0.3,0.39,1300,8/5/2022
826,826,BR,VVS1,M,0.3,0.39,1200,8/5/2022
827,827,BR,VVS2,M,0.3,0.39,1100,8/5/2022
828,828,BR,VS1,M,0.3,0.39,1000,8/5/2022
829,829,BR,VS2,M,0.3,0.39,900,8/5/2022
830,830,BR,SI1,M,0.3,0.39,800,8/5/2022
831,831,BR,SI2,M,0.3,0.39,700,8/5/2022
832,832,BR,SI3,M,0.3,0.39,600,8/5/2022
833,833,BR,I1,M,0.3,0.39,500,8/5/2022
834,834,BR,I2,M,0.3,0.39,400,8/5/2022
835,835,BR,I3,M,0.3,0.39,300,8/5/2022
836,836,BR,IF,D,0.4,0.49,4600,8/5/2022
837,837,BR,VVS1,D,0.4,0.49,3800,8/5/2022
838,838,BR,VVS2,D,0.4,0.49,3500,8/5/2022
839,839,BR,VS1,D,0.4,0.49,3200,8/5/2022
840,840,BR,VS2,D,0.4,0.49,2900,8/5/2022
841,841,BR,SI1,D,0.4,0.49,2500,8/5/2022
842,842,BR,SI2,D,0.4,0.49,2200,8/5/2022
843,843,BR,SI3,D,0.4,0.49,2000,8/5/2022
844,844,BR,I1,D,0.4,0.49,1800,8/5/2022
845,845,BR,I2,D,0.4,0.49,1200,8/5/2022
846,846,BR,I3,D,0.4,0.49,800,8/5/2022
847,847,BR,IF,E,0.4,0.49,3900,8/5/2022
848,848,BR,VVS1,E,0.4,0.49,3600,8/5/2022
849,849,BR,VVS2,E,0.4,0.49,3300,8/5/2022
850,850,BR,VS1,E,0.4,0.49,3000,8/5/2022
851,851,BR,VS2,E,0.4,0.49,2800,8/5/2022
852,852,BR,SI1,E,0.4,0.49,2400,8/5/2022
853,853,BR,SI2,E,0.4,0.49,2100,8/5/2022
854,854,BR,SI3,E,0.4,0.49,1900,8/5/2022
855,855,BR,I1,E,0.4,0.49,1700,8/5/2022
856,856,BR,I2,E,0.4,0.49,1100,8/5/2022
857,857,BR,I3,E,0.4,0.49,700,8/5/2022
858,858,BR,IF,F,0.4,0.49,3600,8/5/2022
859,859,BR,VVS1,F,0.4,0.49,3400,8/5/2022
860,860,BR,VVS2,F,0.4,0.49,3100,8/5/2022
861,861,BR,VS1,F,0.4,0.49,2900,8/5/2022
862,862,BR,VS2,F,0.4,0.49,2700,8/5/2022
863,863,BR,SI1,F,0.4,0.49,2300,8/5/2022
864,864,BR,SI2,F,0.4,0.49,2000,8/5/2022
865,865,BR,SI3,F,0.4,0.49,1800,8/5/2022
866,866,BR,I1,F,0.4,0.49,1600,8/5/2022
867,867,BR,I2,F,0.4,0.49,1100,8/5/2022
868,868,BR,I3,F,0.4,0.49,700,8/5/2022
869,869,BR,IF,G,0.4,0.49,3300,8/5/2022
870,870,BR,VVS1,G,0.4,0.49,3100,8/5/2022
871,871,BR,VVS2,G,0.4,0.49,2900,8/5/2022
872,872,BR,VS1,G,0.4,0.49,2800,8/5/2022
873,873,BR,VS2,G,0.4,0.49,2600,8/5/2022
874,874,BR,SI1,G,0.4,0.49,2200,8/5/2022
875,875,BR,SI2,G,0.4,0.49,1900,8/5/2022
876,876,BR,SI3,G,0.4,0.49,1700,8/5/2022
877,877,BR,I1,G,0.4,0.49,1500,8/5/2022
878,878,BR,I2,G,0.4,0.49,1000,8/5/2022
879,879,BR,I3,G,0.4,0.49,600,8/5/2022
880,880,BR,IF,H,0.4,0.49,2900,8/5/2022
881,881,BR,VVS1,H,0.4,0.49,2800,8/5/2022
882,882,BR,VVS2,H,0.4,0.49,2700,8/5/2022
883,883,BR,VS1,H,0.4,0.49,2600,8/5/2022
884,884,BR,VS2,H,0.4,0.49,2400,8/5/2022
885,885,BR,SI1,H,0.4,0.49,2100,8/5/2022
886,886,BR,SI2,H,0.4,0.49,1800,8/5/2022
887,887,BR,SI3,H,0.4,0.49,1600,8/5/2022
888,888,BR,I1,H,0.4,0.49,1400,8/5/2022
889,889,BR,I2,H,0.4,0.49,900,8/5/2022
890,890,BR,I3,H,0.4,0.49,600,8/5/2022
891,891,BR,IF,I,0.4,0.49,2600,8/5/2022
892,892,BR,VVS1,I,0.4,0.49,2500,8/5/2022
893,893,BR,VVS2,I,0.4,0.49,2400,8/5/2022
894,894,BR,VS1,I,0.4,0.49,2300,8/5/2022
895,895,BR,VS2,I,0.4,0.49,2200,8/5/2022
896,896,BR,SI1,I,0.4,0.49,1900,8/5/2022
897,897,BR,SI2,I,0.4,0.49,1600,8/5/2022
898,898,BR,SI3,I,0.4,0.49,1400,8/5/2022
899,899,BR,I1,I,0.4,0.49,1200,8/5/2022
900,900,BR,I2,I,0.4,0.49,800,8/5/2022
901,901,BR,I3,I,0.4,0.49,600,8/5/2022
902,902,BR,IF,J,0.4,0.49,2300,8/5/2022
903,903,BR,VVS1,J,0.4,0.49,2200,8/5/2022
904,904,BR,VVS2,J,0.4,0.49,2100,8/5/2022
905,905,BR,VS1,J,0.4,0.49,2000,8/5/2022
906,906,BR,VS2,J,0.4,0.49,1900,8/5/2022
907,907,BR,SI1,J,0.4,0.49,1600,8/5/2022
908,908,BR,SI2,J,0.4,0.49,1400,8/5/2022
909,909,BR,SI3,J,0.4,0.49,1200,8/5/2022
910,910,BR,I1,J,0.4,0.49,1100,8/5/2022
911,911,BR,I2,J,0.4,0.49,800,8/5/2022
912,912,BR,I3,J,0.4,0.49,500,8/5/2022
913,913,BR,IF,K,0.4,0.49,2000,8/5/2022
914,914,BR,VVS1,K,0.4,0.49,1900,8/5/2022
915,915,BR,VVS2,K,0.4,0.49,1800,8/5/2022
916,916,BR,VS1,K,0.4,0.49,1700,8/5/2022
917,917,BR,VS2,K,0.4,0.49,1600,8/5/2022
918,918,BR,SI1,K,0.4,0.49,1400,8/5/2022
919,919,BR,SI2,K,0.4,0.49,1200,8/5/2022
920,920,BR,SI3,K,0.4,0.49,1000,8/5/2022
921,921,BR,I1,K,0.4,0.49,900,8/5/2022
922,922,BR,I2,K,0.4,0.49,700,8/5/2022
923,923,BR,I3,K,0.4,0.49,500,8/5/2022
924,924,BR,IF,L,0.4,0.49,1800,8/5/2022
925,925,BR,VVS1,L,0.4,0.49,1700,8/5/2022
926,926,BR,VVS2,L,0.4,0.49,1600,8/5/2022
927,927,BR,VS1,L,0.4,0.49,1500,8/5/2022
928,928,BR,VS2,L,0.4,0.49,1400,8/5/2022
929,929,BR,SI1,L,0.4,0.49,1200,8/5/2022
930,930,BR,SI2,L,0.4,0.49,1000,8/5/2022
931,931,BR,SI3,L,0.4,0.49,900,8/5/2022
932,932,BR,I1,L,0.4,0.49,800,8/5/2022
933,933,BR,I2,L,0.4,0.49,600,8/5/2022
934,934,BR,I3,L,0.4,0.49,400,8/5/2022
935,935,BR,IF,M,0.4,0.49,1600,8/5/2022
936,936,BR,VVS1,M,0.4,0.49,1500,8/5/2022
937,937,BR,VVS2,M,0.4,0.49,1400,8/5/2022
938,938,BR,VS1,M,0.4,0.49,1300,8/5/2022
939,939,BR,VS2,M,0.4,0.49,1200,8/5/2022
940,940,BR,SI1,M,0.4,0.49,1100,8/5/2022
941,941,BR,SI2,M,0.4,0.49,900,8/5/2022
942,942,BR,SI3,M,0.4,0.49,800,8/5/2022
943,943,BR,I1,M,0.4,0.49,700,8/5/2022
944,944,BR,I2,M,0.4,0.49,500,8/5/2022
945,945,BR,I3,M,0.4,0.49,400,8/5/2022
946,946,BR,IF,D,0.5,0.69,7000,8/5/2022
947,947,BR,VVS1,D,0.5,0.69,5800,8/5/2022
948,948,BR,VVS2,D,0.5,0.69,5100,8/5/2022
949,949,BR,VS1,D,0.5,0.69,4700,8/5/2022
950,950,BR,VS2,D,0.5,0.69,4400,8/5/2022
951,951,BR,SI1,D,0.5,0.69,3700,8/5/2022
952,952,BR,SI2,D,0.5,0.69,3000,8/5/2022
953,953,BR,SI3,D,0.5,0.69,2600,8/5/2022
954,954,BR,I1,D,0.5,0.69,2300,8/5/2022
955,955,BR,I2,D,0.5,0.69,1600,8/5/2022
956,956,BR,I3,D,0.5,0.69,1100,8/5/2022
957,957,BR,IF,E,0.5,0.69,5700,8/5/2022
958,958,BR,VVS1,E,0.5,0.69,5300,8/5/2022
959,959,BR,VVS2,E,0.5,0.69,4800,8/5/2022
960,960,BR,VS1,E,0.5,0.69,4500,8/5/2022
961,961,BR,VS2,E,0.5,0.69,4200,8/5/2022
962,962,BR,SI1,E,0.5,0.69,3500,8/5/2022
963,963,BR,SI2,E,0.5,0.69,2900,8/5/2022
964,964,BR,SI3,E,0.5,0.69,2500,8/5/2022
965,965,BR,I1,E,0.5,0.69,2200,8/5/2022
966,966,BR,I2,E,0.5,0.69,1500,8/5/2022
967,967,BR,I3,E,0.5,0.69,1000,8/5/2022
968,968,BR,IF,F,0.5,0.69,5000,8/5/2022
969,969,BR,VVS1,F,0.5,0.69,4800,8/5/2022
970,970,BR,VVS2,F,0.5,0.69,4500,8/5/2022
971,971,BR,VS1,F,0.5,0.69,4300,8/5/2022
972,972,BR,VS2,F,0.5,0.69,4000,8/5/2022
973,973,BR,SI1,F,0.5,0.69,3400,8/5/2022
974,974,BR,SI2,F,0.5,0.69,2800,8/5/2022
975,975,BR,SI3,F,0.5,0.69,2400,8/5/2022
976,976,BR,I1,F,0.5,0.69,2100,8/5/2022
977,977,BR,I2,F,0.5,0.69,1400,8/5/2022
978,978,BR,I3,F,0.5,0.69,1000,8/5/2022
979,979,BR,IF,G,0.5,0.69,4600,8/5/2022
980,980,BR,VVS1,G,0.5,0.69,4400,8/5/2022
981,981,BR,VVS2,G,0.5,0.69,4200,8/5/2022
982,982,BR,VS1,G,0.5,0.69,4100,8/5/2022
983,983,BR,VS2,G,0.5,0.69,3800,8/5/2022
984,984,BR,SI1,G,0.5,0.69,3300,8/5/2022
985,985,BR,SI2,G,0.5,0.69,2700,8/5/2022
986,986,BR,SI3,G,0.5,0.69,2300,8/5/2022
987,987,BR,I1,G,0.5,0.69,2000,8/5/2022
988,988,BR,I2,G,0.5,0.69,1300,8/5/2022
989,989,BR,I3,G,0.5,0.69,900,8/5/2022
990,990,BR,IF,H,0.5,0.69,4200,8/5/2022
991,991,BR,VVS1,H,0.5,0.69,4100,8/5/2022
992,992,BR,VVS2,H,0.5,0.69,4000,8/5/2022
993,993,BR,VS1,H,0.5,0.69,3900,8/5/2022
994,994,BR,VS2,H,0.5,0.69,3600,8/5/2022
995,995,BR,SI1,H,0.5,0.69,3100,8/5/2022
996,996,BR,SI2,H,0.5,0.69,2600,8/5/2022
997,997,BR,SI3,H,0.5,0.69,2200,8/5/2022
998,998,BR,I1,H,0.5,0.69,1800,8/5/2022
999,999,BR,I2,H,0.5,0.69,1200,8/5/2022
1000,1000,BR,I3,H,0.5,0.69,800,8/5/2022
1001,1001,BR,IF,I,0.5,0.69,3600,8/5/2022
1002,1002,BR,VVS1,I,0.5,0.69,3500,8/5/2022
1003,1003,BR,VVS2,I,0.5,0.69,3400,8/5/2022
1004,1004,BR,VS1,I,0.5,0.69,3300,8/5/2022
1005,1005,BR,VS2,I,0.5,0.69,3100,8/5/2022
1006,1006,BR,SI1,I,0.5,0.69,2700,8/5/2022
1007,1007,BR,SI2,I,0.5,0.69,2400,8/5/2022
1008,1008,BR,SI3,I,0.5,0.69,2000,8/5/2022
1009,1009,BR,I1,I,0.5,0.69,1600,8/5/2022
1010,1010,BR,I2,I,0.5,0.69,1100,8/5/2022
1011,1011,BR,I3,I,0.5,0.69,800,8/5/2022
1012,1012,BR,IF,J,0.5,0.69,3000,8/5/2022
1013,1013,BR,VVS1,J,0.5,0.69,2900,8/5/2022
1014,1014,BR,VVS2,J,0.5,0.69,2800,8/5/2022
1015,1015,BR,VS1,J,0.5,0.69,2700,8/5/2022
1016,1016,BR,VS2,J,0.5,0.69,2500,8/5/2022
1017,1017,BR,SI1,J,0.5,0.69,2300,8/5/2022
1018,1018,BR,SI2,J,0.5,0.69,2100,8/5/2022
1019,1019,BR,SI3,J,0.5,0.69,1800,8/5/2022
1020,1020,BR,I1,J,0.5,0.69,1400,8/5/2022
1021,1021,BR,I2,J,0.5,0.69,1000,8/5/2022
1022,1022,BR,I3,J,0.5,0.69,700,8/5/2022
1023,1023,BR,IF,K,0.5,0.69,2500,8/5/2022
1024,1024,BR,VVS1,K,0.5,0.69,2400,8/5/2022
1025,1025,BR,VVS2,K,0.5,0.69,2300,8/5/2022
1026,1026,BR,VS1,K,0.5,0.69,2200,8/5/2022
1027,1027,BR,VS2,K,0.5,0.69,2100,8/5/2022
1028,1028,BR,SI1,K,0.5,0.69,1900,8/5/2022
1029,1029,BR,SI2,K,0.5,0.69,1700,8/5/2022
1030,1030,BR,SI3,K,0.5,0.69,1500,8/5/2022
1031,1031,BR,I1,K,0.5,0.69,1200,8/5/2022
1032,1032,BR,I2,K,0.5,0.69,900,8/5/2022
1033,1033,BR,I3,K,0.5,0.69,700,8/5/2022
1034,1034,BR,IF,L,0.5,0.69,2200,8/5/2022
1035,1035,BR,VVS1,L,0.5,0.69,2100,8/5/2022
1036,1036,BR,VVS2,L,0.5,0.69,1900,8/5/2022
1037,1037,BR,VS1,L,0.5,0.69,1800,8/5/2022
1038,1038,BR,VS2,L,0.5,0.69,1700,8/5/2022
1039,1039,BR,SI1,L,0.5,0.69,1600,8/5/2022
1040,1040,BR,SI2,L,0.5,0.69,1400,8/5/2022
1041,1041,BR,SI3,L,0.5,0.69,1200,8/5/2022
1042,1042,BR,I1,L,0.5,0.69,1000,8/5/2022
1043,1043,BR,I2,L,0.5,0.69,800,8/5/2022
1044,1044,BR,I3,L,0.5,0.69,600,8/5/2022
1045,1045,BR,IF,M,0.5,0.69,2000,8/5/2022
1046,1046,BR,VVS1,M,0.5,0.69,1900,8/5/2022
1047,1047,BR,VVS2,M,0.5,0.69,1700,8/5/2022
1048,1048,BR,VS1,M,0.5,0.69,1600,8/5/2022
1049,1049,BR,VS2,M,0.5,0.69,1500,8/5/2022
1050,1050,BR,SI1,M,0.5,0.69,1400,8/5/2022
1051,1051,BR,SI2,M,0.5,0.69,1200,8/5/2022
1052,1052,BR,SI3,M,0.5,0.69,1000,8/5/2022
1053,1053,BR,I1,M,0.5,0.69,900,8/5/2022
1054,1054,BR,I2,M,0.5,0.69,700,8/5/2022
1055,1055,BR,I3,M,0.5,0.69,500,8/5/2022
1056,1056,BR,IF,D,0.7,0.89,9600,8/5/2022
1057,1057,BR,VVS1,D,0.7,0.89,7600,8/5/2022
1058,1058,BR,VVS2,D,0.7,0.89,6800,8/5/2022
1059,1059,BR,VS1,D,0.7,0.89,6200,8/5/2022
1060,1060,BR,VS2,D,0.7,0.89,5700,8/5/2022
1061,1061,BR,SI1,D,0.7,0.89,4800,8/5/2022
1062,1062,BR,SI2,D,0.7,0.89,4000,8/5/2022
1063,1063,BR,SI3,D,0.7,0.89,3400,8/5/2022
1064,1064,BR,I1,D,0.7,0.89,2900,8/5/2022
1065,1065,BR,I2,D,0.7,0.89,2000,8/5/2022
1066,1066,BR,I3,D,0.7,0.89,1200,8/5/2022
1067,1067,BR,IF,E,0.7,0.89,7600,8/5/2022
1068,1068,BR,VVS1,E,0.7,0.89,7100,8/5/2022
1069,1069,BR,VVS2,E,0.7,0.89,6400,8/5/2022
1070,1070,BR,VS1,E,0.7,0.89,5900,8/5/2022
1071,1071,BR,VS2,E,0.7,0.89,5400,8/5/2022
1072,1072,BR,SI1,E,0.7,0.89,4600,8/5/2022
1073,1073,BR,SI2,E,0.7,0.89,3800,8/5/2022
1074,1074,BR,SI3,E,0.7,0.89,3200,8/5/2022
1075,1075,BR,I1,E,0.7,0.89,2800,8/5/2022
1076,1076,BR,I2,E,0.7,0.89,1900,8/5/2022
1077,1077,BR,I3,E,0.7,0.89,1100,8/5/2022
1078,1078,BR,IF,F,0.7,0.89,7000,8/5/2022
1079,1079,BR,VVS1,F,0.7,0.89,6600,8/5/2022
1080,1080,BR,VVS2,F,0.7,0.89,6100,8/5/2022
1081,1081,BR,VS1,F,0.7,0.89,5600,8/5/2022
1082,1082,BR,VS2,F,0.7,0.89,5200,8/5/2022
1083,1083,BR,SI1,F,0.7,0.89,4300,8/5/2022
1084,1084,BR,SI2,F,0.7,0.89,3600,8/5/2022
1085,1085,BR,SI3,F,0.7,0.89,3000,8/5/2022
1086,1086,BR,I1,F,0.7,0.89,2600,8/5/2022
1087,1087,BR,I2,F,0.7,0.89,1800,8/5/2022
1088,1088,BR,I3,F,0.7,0.89,1100,8/5/2022
1089,1089,BR,IF,G,0.7,0.89,6300,8/5/2022
1090,1090,BR,VVS1,G,0.7,0.89,5900,8/5/2022
1091,1091,BR,VVS2,G,0.7,0.89,5600,8/5/2022
1092,1092,BR,VS1,G,0.7,0.89,5300,8/5/2022
1093,1093,BR,VS2,G,0.7,0.89,5000,8/5/2022
1094,1094,BR,SI1,G,0.7,0.89,4100,8/5/2022
1095,1095,BR,SI2,G,0.7,0.89,3400,8/5/2022
1096,1096,BR,SI3,G,0.7,0.89,2900,8/5/2022
1097,1097,BR,I1,G,0.7,0.89,2500,8/5/2022
1098,1098,BR,I2,G,0.7,0.89,1700,8/5/2022
1099,1099,BR,I3,G,0.7,0.89,1000,8/5/2022
1100,1100,BR,IF,H,0.7,0.89,5600,8/5/2022
1101,1101,BR,VVS1,H,0.7,0.89,5300,8/5/2022
1102,1102,BR,VVS2,H,0.7,0.89,5100,8/5/2022
1103,1103,BR,VS1,H,0.7,0.89,4900,8/5/2022
1104,1104,BR,VS2,H,0.7,0.89,4600,8/5/2022
1105,1105,BR,SI1,H,0.7,0.89,3800,8/5/2022
1106,1106,BR,SI2,H,0.7,0.89,3200,8/5/2022
1107,1107,BR,SI3,H,0.7,0.89,2700,8/5/2022
1108,1108,BR,I1,H,0.7,0.89,2300,8/5/2022
1109,1109,BR,I2,H,0.7,0.89,1600,8/5/2022
1110,1110,BR,I3,H,0.7,0.89,900,8/5/2022
1111,1111,BR,IF,I,0.7,0.89,4700,8/5/2022
1112,1112,BR,VVS1,I,0.7,0.89,4500,8/5/2022
1113,1113,BR,VVS2,I,0.7,0.89,4300,8/5/2022
1114,1114,BR,VS1,I,0.7,0.89,4100,8/5/2022
1115,1115,BR,VS2,I,0.7,0.89,3800,8/5/2022
1116,1116,BR,SI1,I,0.7,0.89,3300,8/5/2022
1117,1117,BR,SI2,I,0.7,0.89,2900,8/5/2022
1118,1118,BR,SI3,I,0.7,0.89,2500,8/5/2022
1119,1119,BR,I1,I,0.7,0.89,2100,8/5/2022
1120,1120,BR,I2,I,0.7,0.89,1500,8/5/2022
1121,1121,BR,I3,I,0.7,0.89,900,8/5/2022
1122,1122,BR,IF,J,0.7,0.89,4000,8/5/2022
1123,1123,BR,VVS1,J,0.7,0.89,3800,8/5/2022
1124,1124,BR,VVS2,J,0.7,0.89,3500,8/5/2022
1125,1125,BR,VS1,J,0.7,0.89,3300,8/5/2022
1126,1126,BR,VS2,J,0.7,0.89,3100,8/5/2022
1127,1127,BR,SI1,J,0.7,0.89,2800,8/5/2022
1128,1128,BR,SI2,J,0.7,0.89,2600,8/5/2022
1129,1129,BR,SI3,J,0.7,0.89,2300,8/5/2022
1130,1130,BR,I1,J,0.7,0.89,2000,8/5/2022
1131,1131,BR,I2,J,0.7,0.89,1400,8/5/2022
1132,1132,BR,I3,J,0.7,0.89,800,8/5/2022
1133,1133,BR,IF,K,0.7,0.89,3300,8/5/2022
1134,1134,BR,VVS1,K,0.7,0.89,3100,8/5/2022
1135,1135,BR,VVS2,K,0.7,0.89,2900,8/5/2022
1136,1136,BR,VS1,K,0.7,0.89,2800,8/5/2022
1137,1137,BR,VS2,K,0.7,0.89,2600,8/5/2022
1138,1138,BR,SI1,K,0.7,0.89,2400,8/5/2022
1139,1139,BR,SI2,K,0.7,0.89,2200,8/5/2022
1140,1140,BR,SI3,K,0.7,0.89,2000,8/5/2022
1141,1141,BR,I1,K,0.7,0.89,1700,8/5/2022
1142,1142,BR,I2,K,0.7,0.89,1200,8/5/2022
1143,1143,BR,I3,K,0.7,0.89,800,8/5/2022
1144,1144,BR,IF,L,0.7,0.89,2900,8/5/2022
1145,1145,BR,VVS1,L,0.7,0.89,2700,8/5/2022
1146,1146,BR,VVS2,L,0.7,0.89,2500,8/5/2022
1147,1147,BR,VS1,L,0.7,0.89,2400,8/5/2022
1148,1148,BR,VS2,L,0.7,0.89,2300,8/5/2022
1149,1149,BR,SI1,L,0.7,0.89,2100,8/5/2022
1150,1150,BR,SI2,L,0.7,0.89,1900,8/5/2022
1151,1151,BR,SI3,L,0.7,0.89,1600,8/5/2022
1152,1152,BR,I1,L,0.7,0.89,1400,8/5/2022
1153,1153,BR,I2,L,0.7,0.89,1000,8/5/2022
1154,1154,BR,I3,L,0.7,0.89,700,8/5/2022
1155,1155,BR,IF,M,0.7,0.89,2600,8/5/2022
1156,1156,BR,VVS1,M,0.7,0.89,2400,8/5/2022
1157,1157,BR,VVS2,M,0.7,0.89,2300,8/5/2022
1158,1158,BR,VS1,M,0.7,0.89,2200,8/5/2022
1159,1159,BR,VS2,M,0.7,0.89,2100,8/5/2022
1160,1160,BR,SI1,M,0.7,0.89,1900,8/5/2022
1161,1161,BR,SI2,M,0.7,0.89,1700,8/5/2022
1162,1162,BR,SI3,M,0.7,0.89,1500,8/5/2022
1163,1163,BR,I1,M,0.7,0.89,1200,8/5/2022
1164,1164,BR,I2,M,0.7,0.89,800,8/5/2022
1165,1165,BR,I3,M,0.7,0.89,600,8/5/2022
1166,1166,BR,IF,D,0.9,0.99,14300,8/5/2022
1167,1167,BR,VVS1,D,0.9,0.99,12600,8/5/2022
1168,1168,BR,VVS2,D,0.9,0.99,10700,8/5/2022
1169,1169,BR,VS1,D,0.9,0.99,9400,8/5/2022
1170,1170,BR,VS2,D,0.9,0.99,8200,8/5/2022
1171,1171,BR,SI1,D,0.9,0.99,6900,8/5/2022
1172,1172,BR,SI2,D,0.9,0.99,5800,8/5/2022
1173,1173,BR,SI3,D,0.9,0.99,4700,8/5/2022
1174,1174,BR,I1,D,0.9,0.99,3800,8/5/2022
1175,1175,BR,I2,D,0.9,0.99,2300,8/5/2022
1176,1176,BR,I3,D,0.9,0.99,1500,8/5/2022
1177,1177,BR,IF,E,0.9,0.99,12600,8/5/2022
1178,1178,BR,VVS1,E,0.9,0.99,11600,8/5/2022
1179,1179,BR,VVS2,E,0.9,0.99,10100,8/5/2022
1180,1180,BR,VS1,E,0.9,0.99,8800,8/5/2022
1181,1181,BR,VS2,E,0.9,0.99,7800,8/5/2022
1182,1182,BR,SI1,E,0.9,0.99,6500,8/5/2022
1183,1183,BR,SI2,E,0.9,0.99,5400,8/5/2022
1184,1184,BR,SI3,E,0.9,0.99,4400,8/5/2022
1185,1185,BR,I1,E,0.9,0.99,3700,8/5/2022
1186,1186,BR,I2,E,0.9,0.99,2200,8/5/2022
1187,1187,BR,I3,E,0.9,0.99,1400,8/5/2022
1188,1188,BR,IF,F,0.9,0.99,11500,8/5/2022
1189,1189,BR,VVS1,F,0.9,0.99,10700,8/5/2022
1190,1190,BR,VVS2,F,0.9,0.99,9500,8/5/2022
1191,1191,BR,VS1,F,0.9,0.99,8200,8/5/2022
1192,1192,BR,VS2,F,0.9,0.99,7400,8/5/2022
1193,1193,BR,SI1,F,0.9,0.99,6200,8/5/2022
1194,1194,BR,SI2,F,0.9,0.99,5000,8/5/2022
1195,1195,BR,SI3,F,0.9,0.99,4200,8/5/2022
1196,1196,BR,I1,F,0.9,0.99,3600,8/5/2022
1197,1197,BR,I2,F,0.9,0.99,2100,8/5/2022
1198,1198,BR,I3,F,0.9,0.99,1300,8/5/2022
1199,1199,BR,IF,G,0.9,0.99,10400,8/5/2022
1200,1200,BR,VVS1,G,0.9,0.99,9400,8/5/2022
1201,1201,BR,VVS2,G,0.9,0.99,8400,8/5/2022
1202,1202,BR,VS1,G,0.9,0.99,7700,8/5/2022
1203,1203,BR,VS2,G,0.9,0.99,7000,8/5/2022
1204,1204,BR,SI1,G,0.9,0.99,5900,8/5/2022
1205,1205,BR,SI2,G,0.9,0.99,4700,8/5/2022
1206,1206,BR,SI3,G,0.9,0.99,4000,8/5/2022
1207,1207,BR,I1,G,0.9,0.99,3500,8/5/2022
1208,1208,BR,I2,G,0.9,0.99,2000,8/5/2022
1209,1209,BR,I3,G,0.9,0.99,1200,8/5/2022
1210,1210,BR,IF,H,0.9,0.99,8700,8/5/2022
1211,1211,BR,VVS1,H,0.9,0.99,7900,8/5/2022
1212,1212,BR,VVS2,H,0.9,0.99,7400,8/5/2022
1213,1213,BR,VS1,H,0.9,0.99,7000,8/5/2022
1214,1214,BR,VS2,H,0.9,0.99,6600,8/5/2022
1215,1215,BR,SI1,H,0.9,0.99,5500,8/5/2022
1216,1216,BR,SI2,H,0.9,0.99,4400,8/5/2022
1217,1217,BR,SI3,H,0.9,0.99,3700,8/5/2022
1218,1218,BR,I1,H,0.9,0.99,3300,8/5/2022
1219,1219,BR,I2,H,0.9,0.99,1900,8/5/2022
1220,1220,BR,I3,H,0.9,0.99,1200,8/5/2022
1221,1221,BR,IF,I,0.9,0.99,7100,8/5/2022
1222,1222,BR,VVS1,I,0.9,0.99,6700,8/5/2022
1223,1223,BR,VVS2,I,0.9,0.99,6400,8/5/2022
1224,1224,BR,VS1,I,0.9,0.99,6100,8/5/2022
1225,1225,BR,VS2,I,0.9,0.99,5800,8/5/2022
1226,1226,BR,SI1,I,0.9,0.99,4900,8/5/2022
1227,1227,BR,SI2,I,0.9,0.99,4100,8/5/2022
1228,1228,BR,SI3,I,0.9,0.99,3500,8/5/2022
1229,1229,BR,I1,I,0.9,0.99,3000,8/5/2022
1230,1230,BR,I2,I,0.9,0.99,1800,8/5/2022
1231,1231,BR,I3,I,0.9,0.99,1100,8/5/2022
1232,1232,BR,IF,J,0.9,0.99,5900,8/5/2022
1233,1233,BR,VVS1,J,0.9,0.99,5600,8/5/2022
1234,1234,BR,VVS2,J,0.9,0.99,5400,8/5/2022
1235,1235,BR,VS1,J,0.9,0.99,5100,8/5/2022
1236,1236,BR,VS2,J,0.9,0.99,4800,8/5/2022
1237,1237,BR,SI1,J,0.9,0.99,4300,8/5/2022
1238,1238,BR,SI2,J,0.9,0.99,3600,8/5/2022
1239,1239,BR,SI3,J,0.9,0.99,3000,8/5/2022
1240,1240,BR,I1,J,0.9,0.99,2600,8/5/2022
1241,1241,BR,I2,J,0.9,0.99,1700,8/5/2022
1242,1242,BR,I3,J,0.9,0.99,1000,8/5/2022
1243,1243,BR,IF,K,0.9,0.99,4900,8/5/2022
1244,1244,BR,VVS1,K,0.9,0.99,4700,8/5/2022
1245,1245,BR,VVS2,K,0.9,0.99,4500,8/5/2022
1246,1246,BR,VS1,K,0.9,0.99,4200,8/5/2022
1247,1247,BR,VS2,K,0.9,0.99,4000,8/5/2022
1248,1248,BR,SI1,K,0.9,0.99,3600,8/5/2022
1249,1249,BR,SI2,K,0.9,0.99,3100,8/5/2022
1250,1250,BR,SI3,K,0.9,0.99,2600,8/5/2022
1251,1251,BR,I1,K,0.9,0.99,2300,8/5/2022
1252,1252,BR,I2,K,0.9,0.99,1500,8/5/2022
1253,1253,BR,I3,K,0.9,0.99,900,8/5/2022
1254,1254,BR,IF,L,0.9,0.99,4200,8/5/2022
1255,1255,BR,VVS1,L,0.9,0.99,4000,8/5/2022
1256,1256,BR,VVS2,L,0.9,0.99,3800,8/5/2022
1257,1257,BR,VS1,L,0.9,0.99,3600,8/5/2022
1258,1258,BR,VS2,L,0.9,0.99,3400,8/5/2022
1259,1259,BR,SI1,L,0.9,0.99,3000,8/5/2022
1260,1260,BR,SI2,L,0.9,0.99,2600,8/5/2022
1261,1261,BR,SI3,L,0.9,0.99,2300,8/5/2022
1262,1262,BR,I1,L,0.9,0.99,2000,8/5/2022
1263,1263,BR,I2,L,0.9,0.99,1300,8/5/2022
1264,1264,BR,I3,L,0.9,0.99,800,8/5/2022
1265,1265,BR,IF,M,0.9,0.99,3700,8/5/2022
1266,1266,BR,VVS1,M,0.9,0.99,3500,8/5/2022
1267,1267,BR,VVS2,M,0.9,0.99,3300,8/5/2022
1268,1268,BR,VS1,M,0.9,0.99,3100,8/5/2022
1269,1269,BR,VS2,M,0.9,0.99,2900,8/5/2022
1270,1270,BR,SI1,M,0.9,0.99,2700,8/5/2022
1271,1271,BR,SI2,M,0.9,0.99,2300,8/5/2022
1272,1272,BR,SI3,M,0.9,0.99,2100,8/5/2022
1273,1273,BR,I1,M,0.9,0.99,1700,8/5/2022
1274,1274,BR,I2,M,0.9,0.99,1100,8/5/2022
1275,1275,BR,I3,M,0.9,0.99,700,8/5/2022
1276,1276,BR,IF,D,1.0,1.49,22000,8/5/2022
1277,1277,BR,VVS1,D,1.0,1.49,17600,8/5/2022
1278,1278,BR,VVS2,D,1.0,1.49,14700,8/5/2022
1279,1279,BR,VS1,D,1.0,1.49,13300,8/5/2022
1280,1280,BR,VS2,D,1.0,1.49,11700,8/5/2022
1281,1281,BR,SI1,D,1.0,1.49,9200,8/5/2022
1282,1282,BR,SI2,D,1.0,1.49,7600,8/5/2022
1283,1283,BR,SI3,D,1.0,1.49,6300,8/5/2022
1284,1284,BR,I1,D,1.0,1.49,5200,8/5/2022
1285,1285,BR,I2,D,1.0,1.49,2600,8/5/2022
1286,1286,BR,I3,D,1.0,1.49,1600,8/5/2022
1287,1287,BR,IF,E,1.0,1.49,17100,8/5/2022
1288,1288,BR,VVS1,E,1.0,1.49,15500,8/5/2022
1289,1289,BR,VVS2,E,1.0,1.49,13700,8/5/2022
1290,1290,BR,VS1,E,1.0,1.49,12500,8/5/2022
1291,1291,BR,VS2,E,1.0,1.49,11000,8/5/2022
1292,1292,BR,SI1,E,1.0,1.49,8700,8/5/2022
1293,1293,BR,SI2,E,1.0,1.49,7200,8/5/2022
1294,1294,BR,SI3,E,1.0,1.49,6000,8/5/2022
1295,1295,BR,I1,E,1.0,1.49,5000,8/5/2022
1296,1296,BR,I2,E,1.0,1.49,2500,8/5/2022
1297,1297,BR,I3,E,1.0,1.49,1500,8/5/2022
1298,1298,BR,IF,F,1.0,1.49,15200,8/5/2022
1299,1299,BR,VVS1,F,1.0,1.49,14100,8/5/2022
1300,1300,BR,VVS2,F,1.0,1.49,12600,8/5/2022
1301,1301,BR,VS1,F,1.0,1.49,11700,8/5/2022
1302,1302,BR,VS2,F,1.0,1.49,10400,8/5/2022
1303,1303,BR,SI1,F,1.0,1.49,8200,8/5/2022
1304,1304,BR,SI2,F,1.0,1.49,6800,8/5/2022
1305,1305,BR,SI3,F,1.0,1.49,5700,8/5/2022
1306,1306,BR,I1,F,1.0,1.49,4700,8/5/2022
1307,1307,BR,I2,F,1.0,1.49,2400,8/5/2022
1308,1308,BR,I3,F,1.0,1.49,1400,8/5/2022
1309,1309,BR,IF,G,1.0,1.49,12900,8/5/2022
1310,1310,BR,VVS1,G,1.0,1.49,12300,8/5/2022
1311,1311,BR,VVS2,G,1.0,1.49,11400,8/5/2022
1312,1312,BR,VS1,G,1.0,1.49,10800,8/5/2022
1313,1313,BR,VS2,G,1.0,1.49,9900,8/5/2022
1314,1314,BR,SI1,G,1.0,1.49,7800,8/5/2022
1315,1315,BR,SI2,G,1.0,1.49,6400,8/5/2022
1316,1316,BR,SI3,G,1.0,1.49,5500,8/5/2022
1317,1317,BR,I1,G,1.0,1.49,4500,8/5/2022
1318,1318,BR,I2,G,1.0,1.49,2300,8/5/2022
1319,1319,BR,I3,G,1.0,1.49,1300,8/5/2022
1320,1320,BR,IF,H,1.0,1.49,10900,8/5/2022
1321,1321,BR,VVS1,H,1.0,1.49,10500,8/5/2022
1322,1322,BR,VVS2,H,1.0,1.49,10100,8/5/2022
1323,1323,BR,VS1,H,1.0,1.49,9600,8/5/2022
1324,1324,BR,VS2,H,1.0,1.49,9100,8/5/2022
1325,1325,BR,SI1,H,1.0,1.49,7200,8/5/2022
1326,1326,BR,SI2,H,1.0,1.49,6100,8/5/2022
1327,1327,BR,SI3,H,1.0,1.49,5200,8/5/2022
1328,1328,BR,I1,H,1.0,1.49,4200,8/5/2022
1329,1329,BR,I2,H,1.0,1.49,2200,8/5/2022
1330,1330,BR,I3,H,1.0,1.49,1300,8/5/2022
1331,1331,BR,IF,I,1.0,1.49,8800,8/5/2022
1332,1332,BR,VVS1,I,1.0,1.49,8500,8/5/2022
1333,1333,BR,VVS2,I,1.0,1.49,8200,8/5/2022
1334,1334,BR,VS1,I,1.0,1.49,7800,8/5/2022
1335,1335,BR,VS2,I,1.0,1.49,7400,8/5/2022
1336,1336,BR,SI1,I,1.0,1.49,6500,8/5/2022
1337,1337,BR,SI2,I,1.0,1.49,5600,8/5/2022
1338,1338,BR,SI3,I,1.0,1.49,4800,8/5/2022
1339,1339,BR,I1,I,1.0,1.49,3800,8/5/2022
1340,1340,BR,I2,I,1.0,1.49,2100,8/5/2022
1341,1341,BR,I3,I,1.0,1.49,1200,8/5/2022
1342,1342,BR,IF,J,1.0,1.49,7200,8/5/2022
1343,1343,BR,VVS1,J,1.0,1.49,6900,8/5/2022
1344,1344,BR,VVS2,J,1.0,1.49,6600,8/5/2022
1345,1345,BR,VS1,J,1.0,1.49,6200,8/5/2022
1346,1346,BR,VS2,J,1.0,1.49,5900,8/5/2022
1347,1347,BR,SI1,J,1.0,1.49,5300,8/5/2022
1348,1348,BR,SI2,J,1.0,1.49,4800,8/5/2022
1349,1349,BR,SI3,J,1.0,1.49,4300,8/5/2022
1350,1350,BR,I1,J,1.0,1.49,3500,8/5/2022
1351,1351,BR,I2,J,1.0,1.49,2000,8/5/2022
1352,1352,BR,I3,J,1.0,1.49,1200,8/5/2022
1353,1353,BR,IF,K,1.0,1.49,6000,8/5/2022
1354,1354,BR,VVS1,K,1.0,1.49,5600,8/5/2022
1355,1355,BR,VVS2,K,1.0,1.49,5300,8/5/2022
1356,1356,BR,VS1,K,1.0,1.49,5000,8/5/2022
1357,1357,BR,VS2,K,1.0,1.49,4700,8/5/2022
1358,1358,BR,SI1,K,1.0,1.49,4300,8/5/2022
1359,1359,BR,SI2,K,1.0,1.49,3900,8/5/2022
1360,1360,BR,SI3,K,1.0,1.49,3600,8/5/2022
1361,1361,BR,I1,K,1.0,1.49,3300,8/5/2022
1362,1362,BR,I2,K,1.0,1.49,1800,8/5/2022
1363,1363,BR,I3,K,1.0,1.49,1100,8/5/2022
1364,1364,BR,IF,L,1.0,1.49,5000,8/5/2022
1365,1365,BR,VVS1,L,1.0,1.49,4700,8/5/2022
1366,1366,BR,VVS2,L,1.0,1.49,4500,8/5/2022
1367,1367,BR,VS1,L,1.0,1.49,4300,8/5/2022
1368,1368,BR,VS2,L,1.0,1.49,4000,8/5/2022
1369,1369,BR,SI1,L,1.0,1.49,3600,8/5/2022
1370,1370,BR,SI2,L,1.0,1.49,3300,8/5/2022
1371,1371,BR,SI3,L,1.0,1.49,3100,8/5/2022
1372,1372,BR,I1,L,1.0,1.49,2900,8/5/2022
1373,1373,BR,I2,L,1.0,1.49,1700,8/5/2022
1374,1374,BR,I3,L,1.0,1.49,1000,8/5/2022
1375,1375,BR,IF,M,1.0,1.49,4400,8/5/2022
1376,1376,BR,VVS1,M,1.0,1.49,4200,8/5/2022
1377,1377,BR,VVS2,M,1.0,1.49,4000,8/5/2022
1378,1378,BR,VS1,M,1.0,1.49,3800,8/5/2022
1379,1379,BR,VS2,M,1.0,1.49,3500,8/5/2022
1380,1380,BR,SI1,M,1.0,1.49,3300,8/5/2022
1381,1381,BR,SI2,M,1.0,1.49,2900,8/5/2022
1382,1382,BR,SI3,M,1.0,1.49,2700,8/5/2022
1383,1383,BR,I1,M,1.0,1.49,2600,8/5/2022
1384,1384,BR,I2,M,1.0,1.49,1600,8/5/2022
1385,1385,BR,I3,M,1.0,1.49,1000,8/5/2022
1386,1386,BR,IF,D,1.5,1.99,28400,8/5/2022
1387,1387,BR,VVS1,D,1.5,1.99,24500,8/5/2022
1388,1388,BR,VVS2,D,1.5,1.99,21300,8/5/2022
1389,1389,BR,VS1,D,1.5,1.99,19100,8/5/2022
1390,1390,BR,VS2,D,1.5,1.99,16600,8/5/2022
1391,1391,BR,SI1,D,1.5,1.99,13400,8/5/2022
1392,1392,BR,SI2,D,1.5,1.99,11000,8/5/2022
1393,1393,BR,SI3,D,1.5,1.99,9000,8/5/2022
1394,1394,BR,I1,D,1.5,1.99,7500,8/5/2022
1395,1395,BR,I2,D,1.5,1.99,3600,8/5/2022
1396,1396,BR,I3,D,1.5,1.99,1800,8/5/2022
1397,1397,BR,IF,E,1.5,1.99,24900,8/5/2022
1398,1398,BR,VVS1,E,1.5,1.99,22500,8/5/2022
1399,1399,BR,VVS2,E,1.5,1.99,19900,8/5/2022
1400,1400,BR,VS1,E,1.5,1.99,17700,8/5/2022
1401,1401,BR,VS2,E,1.5,1.99,15500,8/5/2022
1402,1402,BR,SI1,E,1.5,1.99,12700,8/5/2022
1403,1403,BR,SI2,E,1.5,1.99,10300,8/5/2022
1404,1404,BR,SI3,E,1.5,1.99,8400,8/5/2022
1405,1405,BR,I1,E,1.5,1.99,7000,8/5/2022
1406,1406,BR,I2,E,1.5,1.99,3400,8/5/2022
1407,1407,BR,I3,E,1.5,1.99,1700,8/5/2022
1408,1408,BR,IF,F,1.5,1.99,22000,8/5/2022
1409,1409,BR,VVS1,F,1.5,1.99,20000,8/5/2022
1410,1410,BR,VVS2,F,1.5,1.99,17800,8/5/2022
1411,1411,BR,VS1,F,1.5,1.99,16200,8/5/2022
1412,1412,BR,VS2,F,1.5,1.99,14500,8/5/2022
1413,1413,BR,SI1,F,1.5,1.99,11900,8/5/2022
1414,1414,BR,SI2,F,1.5,1.99,9600,8/5/2022
1415,1415,BR,SI3,F,1.5,1.99,8200,8/5/2022
1416,1416,BR,I1,F,1.5,1.99,6700,8/5/2022
1417,1417,BR,I2,F,1.5,1.99,3300,8/5/2022
1418,1418,BR,I3,F,1.5,1.99,1600,8/5/2022
1419,1419,BR,IF,G,1.5,1.99,18200,8/5/2022
1420,1420,BR,VVS1,G,1.5,1.99,17000,8/5/2022
1421,1421,BR,VVS2,G,1.5,1.99,15500,8/5/2022
1422,1422,BR,VS1,G,1.5,1.99,14300,8/5/2022
1423,1423,BR,VS2,G,1.5,1.99,13100,8/5/2022
1424,1424,BR,SI1,G,1.5,1.99,11300,8/5/2022
1425,1425,BR,SI2,G,1.5,1.99,9000,8/5/2022
1426,1426,BR,SI3,G,1.5,1.99,7700,8/5/2022
1427,1427,BR,I1,G,1.5,1.99,6400,8/5/2022
1428,1428,BR,I2,G,1.5,1.99,3100,8/5/2022
1429,1429,BR,I3,G,1.5,1.99,1500,8/5/2022
1430,1430,BR,IF,H,1.5,1.99,14900,8/5/2022
1431,1431,BR,VVS1,H,1.5,1.99,14000,8/5/2022
1432,1432,BR,VVS2,H,1.5,1.99,13300,8/5/2022
1433,1433,BR,VS1,H,1.5,1.99,12600,8/5/2022
1434,1434,BR,VS2,H,1.5,1.99,11700,8/5/2022
1435,1435,BR,SI1,H,1.5,1.99,10600,8/5/2022
1436,1436,BR,SI2,H,1.5,1.99,8500,8/5/2022
1437,1437,BR,SI3,H,1.5,1.99,7200,8/5/2022
1438,1438,BR,I1,H,1.5,1.99,6000,8/5/2022
1439,1439,BR,I2,H,1.5,1.99,3000,8/5/2022
1440,1440,BR,I3,H,1.5,1.99,1500,8/5/2022
1441,1441,BR,IF,I,1.5,1.99,12400,8/5/2022
1442,1442,BR,VVS1,I,1.5,1.99,11700,8/5/2022
1443,1443,BR,VVS2,I,1.5,1.99,11100,8/5/2022
1444,1444,BR,VS1,I,1.5,1.99,10500,8/5/2022
1445,1445,BR,VS2,I,1.5,1.99,9900,8/5/2022
1446,1446,BR,SI1,I,1.5,1.99,9100,8/5/2022
1447,1447,BR,SI2,I,1.5,1.99,7900,8/5/2022
1448,1448,BR,SI3,I,1.5,1.99,6700,8/5/2022
1449,1449,BR,I1,I,1.5,1.99,5500,8/5/2022
1450,1450,BR,I2,I,1.5,1.99,2800,8/5/2022
1451,1451,BR,I3,I,1.5,1.99,1400,8/5/2022
1452,1452,BR,IF,J,1.5,1.99,10300,8/5/2022
1453,1453,BR,VVS1,J,1.5,1.99,9700,8/5/2022
1454,1454,BR,VVS2,J,1.5,1.99,9200,8/5/2022
1455,1455,BR,VS1,J,1.5,1.99,8700,8/5/2022
1456,1456,BR,VS2,J,1.5,1.99,8100,8/5/2022
1457,1457,BR,SI1,J,1.5,1.99,7500,8/5/2022
1458,1458,BR,SI2,J,1.5,1.99,7000,8/5/2022
1459,1459,BR,SI3,J,1.5,1.99,6000,8/5/2022
1460,1460,BR,I1,J,1.5,1.99,4900,8/5/2022
1461,1461,BR,I2,J,1.5,1.99,2600,8/5/2022
1462,1462,BR,I3,J,1.5,1.99,1400,8/5/2022
1463,1463,BR,IF,K,1.5,1.99,8500,8/5/2022
1464,1464,BR,VVS1,K,1.5,1.99,7900,8/5/2022
1465,1465,BR,VVS2,K,1.5,1.99,7500,8/5/2022
1466,1466,BR,VS1,K,1.5,1.99,7100,8/5/2022
1467,1467,BR,VS2,K,1.5,1.99,6700,8/5/2022
1468,1468,BR,SI1,K,1.5,1.99,6300,8/5/2022
1469,1469,BR,SI2,K,1.5,1.99,5800,8/5/2022
1470,1470,BR,SI3,K,1.5,1.99,5200,8/5/2022
1471,1471,BR,I1,K,1.5,1.99,4500,8/5/2022
1472,1472,BR,I2,K,1.5,1.99,2400,8/5/2022
1473,1473,BR,I3,K,1.5,1.99,1300,8/5/2022
1474,1474,BR,IF,L,1.5,1.99,7300,8/5/2022
1475,1475,BR,VVS1,L,1.5,1.99,6800,8/5/2022
1476,1476,BR,VVS2,L,1.5,1.99,6300,8/5/2022
1477,1477,BR,VS1,L,1.5,1.99,5900,8/5/2022
1478,1478,BR,VS2,L,1.5,1.99,5600,8/5/2022
1479,1479,BR,SI1,L,1.5,1.99,5200,8/5/2022
1480,1480,BR,SI2,L,1.5,1.99,4700,8/5/2022
1481,1481,BR,SI3,L,1.5,1.99,4300,8/5/2022
1482,1482,BR,I1,L,1.5,1.99,4000,8/5/2022
1483,1483,BR,I2,L,1.5,1.99,2300,8/5/2022
1484,1484,BR,I3,L,1.5,1.99,1200,8/5/2022
1485,1485,BR,IF,M,1.5,1.99,6400,8/5/2022
1486,1486,BR,VVS1,M,1.5,1.99,5900,8/5/2022
1487,1487,BR,VVS2,M,1.5,1.99,5300,8/5/2022
1488,1488,BR,VS1,M,1.5,1.99,5000,8/5/2022
1489,1489,BR,VS2,M,1.5,1.99,4700,8/5/2022
1490,1490,BR,SI1,M,1.5,1.99,4400,8/5/2022
1491,1491,BR,SI2,M,1.5,1.99,4100,8/5/2022
1492,1492,BR,SI3,M,1.5,1.99,3800,8/5/2022
1493,1493,BR,I1,M,1.5,1.99,3500,8/5/2022
1494,1494,BR,I2,M,1.5,1.99,2200,8/5/2022
1495,1495,BR,I3,M,1.5,1.99,1200,8/5/2022
1496,1496,BR,IF,D,2.0,2.99,46000,8/5/2022
1497,1497,BR,VVS1,D,2.0,2.99,37000,8/5/2022
1498,1498,BR,VVS2,D,2.0,2.99,31000,8/5/2022
1499,1499,BR,VS1,D,2.0,2.99,26000,8/5/2022
1500,1500,BR,VS2,D,2.0,2.99,22500,8/5/2022
1501,1501,BR,SI1,D,2.0,2.99,18500,8/5/2022
1502,1502,BR,SI2,D,2.0,2.99,15100,8/5/2022
1503,1503,BR,SI3,D,2.0,2.99,11400,8/5/2022
1504,1504,BR,I1,D,2.0,2.99,9400,8/5/2022
1505,1505,BR,I2,D,2.0,2.99,4300,8/5/2022
1506,1506,BR,I3,D,2.0,2.99,1900,8/5/2022
1507,1507,BR,IF,E,2.0,2.99,37500,8/5/2022
1508,1508,BR,VVS1,E,2.0,2.99,33000,8/5/2022
1509,1509,BR,VVS2,E,2.0,2.99,28500,8/5/2022
1510,1510,BR,VS1,E,2.0,2.99,24000,8/5/2022
1511,1511,BR,VS2,E,2.0,2.99,21000,8/5/2022
1512,1512,BR,SI1,E,2.0,2.99,17500,8/5/2022
1513,1513,BR,SI2,E,2.0,2.99,14100,8/5/2022
1514,1514,BR,SI3,E,2.0,2.99,10700,8/5/2022
1515,1515,BR,I1,E,2.0,2.99,9000,8/5/2022
1516,1516,BR,I2,E,2.0,2.99,4100,8/5/2022
1517,1517,BR,I3,E,2.0,2.99,1800,8/5/2022
1518,1518,BR,IF,F,2.0,2.99,32000,8/5/2022
1519,1519,BR,VVS1,F,2.0,2.99,29500,8/5/2022
1520,1520,BR,VVS2,F,2.0,2.99,26000,8/5/2022
1521,1521,BR,VS1,F,2.0,2.99,22500,8/5/2022
1522,1522,BR,VS2,F,2.0,2.99,19500,8/5/2022
1523,1523,BR,SI1,F,2.0,2.99,16300,8/5/2022
1524,1524,BR,SI2,F,2.0,2.99,13200,8/5/2022
1525,1525,BR,SI3,F,2.0,2.99,10100,8/5/2022
1526,1526,BR,I1,F,2.0,2.99,8500,8/5/2022
1527,1527,BR,I2,F,2.0,2.99,3900,8/5/2022
1528,1528,BR,I3,F,2.0,2.99,1700,8/5/2022
1529,1529,BR,IF,G,2.0,2.99,26500,8/5/2022
1530,1530,BR,VVS1,G,2.0,2.99,24000,8/5/2022
1531,1531,BR,VVS2,G,2.0,2.99,22000,8/5/2022
1532,1532,BR,VS1,G,2.0,2.99,20000,8/5/2022
1533,1533,BR,VS2,G,2.0,2.99,18000,8/5/2022
1534,1534,BR,SI1,G,2.0,2.99,15000,8/5/2022
1535,1535,BR,SI2,G,2.0,2.99,12300,8/5/2022
1536,1536,BR,SI3,G,2.0,2.99,9400,8/5/2022
1537,1537,BR,I1,G,2.0,2.99,8200,8/5/2022
1538,1538,BR,I2,G,2.0,2.99,3700,8/5/2022
1539,1539,BR,I3,G,2.0,2.99,1600,8/5/2022
1540,1540,BR,IF,H,2.0,2.99,21500,8/5/2022
1541,1541,BR,VVS1,H,2.0,2.99,20000,8/5/2022
1542,1542,BR,VVS2,H,2.0,2.99,19000,8/5/2022
1543,1543,BR,VS1,H,2.0,2.99,17500,8/5/2022
1544,1544,BR,VS2,H,2.0,2.99,16000,8/5/2022
1545,1545,BR,SI1,H,2.0,2.99,13900,8/5/2022
1546,1546,BR,SI2,H,2.0,2.99,11600,8/5/2022
1547,1547,BR,SI3,H,2.0,2.99,8700,8/5/2022
1548,1548,BR,I1,H,2.0,2.99,7800,8/5/2022
1549,1549,BR,I2,H,2.0,2.99,3500,8/5/2022
1550,1550,BR,I3,H,2.0,2.99,1500,8/5/2022
1551,1551,BR,IF,I,2.0,2.99,17500,8/5/2022
1552,1552,BR,VVS1,I,2.0,2.99,16500,8/5/2022
1553,1553,BR,VVS2,I,2.0,2.99,15500,8/5/2022
1554,1554,BR,VS1,I,2.0,2.99,14500,8/5/2022
1555,1555,BR,VS2,I,2.0,2.99,13600,8/5/2022
1556,1556,BR,SI1,I,2.0,2.99,12300,8/5/2022
1557,1557,BR,SI2,I,2.0,2.99,10900,8/5/2022
1558,1558,BR,SI3,I,2.0,2.99,8100,8/5/2022
1559,1559,BR,I1,I,2.0,2.99,7200,8/5/2022
1560,1560,BR,I2,I,2.0,2.99,3300,8/5/2022
1561,1561,BR,I3,I,2.0,2.99,1500,8/5/2022
1562,1562,BR,IF,J,2.0,2.99,14500,8/5/2022
1563,1563,BR,VVS1,J,2.0,2.99,13600,8/5/2022
1564,1564,BR,VVS2,J,2.0,2.99,12800,8/5/2022
1565,1565,BR,VS1,J,2.0,2.99,11800,8/5/2022
1566,1566,BR,VS2,J,2.0,2.99,11200,8/5/2022
1567,1567,BR,SI1,J,2.0,2.99,10500,8/5/2022
1568,1568,BR,SI2,J,2.0,2.99,9500,8/5/2022
1569,1569,BR,SI3,J,2.0,2.99,7600,8/5/2022
1570,1570,BR,I1,J,2.0,2.99,6600,8/5/2022
1571,1571,BR,I2,J,2.0,2.99,3000,8/5/2022
1572,1572,BR,I3,J,2.0,2.99,1400,8/5/2022
1573,1573,BR,IF,K,2.0,2.99,12100,8/5/2022
1574,1574,BR,VVS1,K,2.0,2.99,11100,8/5/2022
1575,1575,BR,VVS2,K,2.0,2.99,10200,8/5/2022
1576,1576,BR,VS1,K,2.0,2.99,9400,8/5/2022
1577,1577,BR,VS2,K,2.0,2.99,8900,8/5/2022
1578,1578,BR,SI1,K,2.0,2.99,8300,8/5/2022
1579,1579,BR,SI2,K,2.0,2.99,7700,8/5/2022
1580,1580,BR,SI3,K,2.0,2.99,6700,8/5/2022
1581,1581,BR,I1,K,2.0,2.99,5800,8/5/2022
1582,1582,BR,I2,K,2.0,2.99,2800,8/5/2022
1583,1583,BR,I3,K,2.0,2.99,1400,8/5/2022
1584,1584,BR,IF,L,2.0,2.99,9900,8/5/2022
1585,1585,BR,VVS1,L,2.0,2.99,9100,8/5/2022
1586,1586,BR,VVS2,L,2.0,2.99,8200,8/5/2022
1587,1587,BR,VS1,L,2.0,2.99,7600,8/5/2022
1588,1588,BR,VS2,L,2.0,2.99,7100,8/5/2022
1589,1589,BR,SI1,L,2.0,2.99,6700,8/5/2022
1590,1590,BR,SI2,L,2.0,2.99,6300,8/5/2022
1591,1591,BR,SI3,L,2.0,2.99,5700,8/5/2022
1592,1592,BR,I1,L,2.0,2.99,5000,8/5/2022
1593,1593,BR,I2,L,2.0,2.99,2700,8/5/2022
1594,1594,BR,I3,L,2.0,2.99,1300,8/5/2022
1595,1595,BR,IF,M,2.0,2.99,8100,8/5/2022
1596,1596,BR,VVS1,M,2.0,2.99,7500,8/5/2022
1597,1597,BR,VVS2,M,2.0,2.99,6900,8/5/2022
1598,1598,BR,VS1,M,2.0,2.99,6400,8/5/2022
1599,1599,BR,VS2,M,2.0,2.99,6000,8/5/2022
1600,1600,BR,SI1,M,2.0,2.99,5600,8/5/2022
1601,1601,BR,SI2,M,2.0,2.99,5200,8/5/2022
1602,1602,BR,SI3,M,2.0,2.99,4700,8/5/2022
1603,1603,BR,I1,M,2.0,2.99,4300,8/5/2022
1604,1604,BR,I2,M,2.0,2.99,2600,8/5/2022
1605,1605,BR,I3,M,2.0,2.99,1300,8/5/2022
1606,1606,BR,IF,D,3.0,3.99,70000,8/5/2022
1607,1607,BR,VVS1,D,3.0,3.99,56000,8/5/2022
1608,1608,BR,VVS2,D,3.0,3.99,49000,8/5/2022
1609,1609,BR,VS1,D,3.0,3.99,41000,8/5/2022
1610,1610,BR,VS2,D,3.0,3.99,35000,8/5/2022
1611,1611,BR,SI1,D,3.0,3.99,27500,8/5/2022
1612,1612,BR,SI2,D,3.0,3.99,22500,8/5/2022
1613,1613,BR,SI3,D,3.0,3.99,14900,8/5/2022
1614,1614,BR,I1,D,3.0,3.99,10700,8/5/2022
1615,1615,BR,I2,D,3.0,3.99,4900,8/5/2022
1616,1616,BR,I3,D,3.0,3.99,2100,8/5/2022
1617,1617,BR,IF,E,3.0,3.99,56500,8/5/2022
1618,1618,BR,VVS1,E,3.0,3.99,49500,8/5/2022
1619,1619,BR,VVS2,E,3.0,3.99,44000,8/5/2022
1620,1620,BR,VS1,E,3.0,3.99,37500,8/5/2022
1621,1621,BR,VS2,E,3.0,3.99,32000,8/5/2022
1622,1622,BR,SI1,E,3.0,3.99,25000,8/5/2022
1623,1623,BR,SI2,E,3.0,3.99,21000,8/5/2022
1624,1624,BR,SI3,E,3.0,3.99,14000,8/5/2022
1625,1625,BR,I1,E,3.0,3.99,10200,8/5/2022
1626,1626,BR,I2,E,3.0,3.99,4700,8/5/2022
1627,1627,BR,I3,E,3.0,3.99,2000,8/5/2022
1628,1628,BR,IF,F,3.0,3.99,47500,8/5/2022
1629,1629,BR,VVS1,F,3.0,3.99,42500,8/5/2022
1630,1630,BR,VVS2,F,3.0,3.99,38000,8/5/2022
1631,1631,BR,VS1,F,3.0,3.99,33500,8/5/2022
1632,1632,BR,VS2,F,3.0,3.99,29500,8/5/2022
1633,1633,BR,SI1,F,3.0,3.99,23000,8/5/2022
1634,1634,BR,SI2,F,3.0,3.99,19500,8/5/2022
1635,1635,BR,SI3,F,3.0,3.99,13300,8/5/2022
1636,1636,BR,I1,F,3.0,3.99,9700,8/5/2022
1637,1637,BR,I2,F,3.0,3.99,4500,8/5/2022
1638,1638,BR,I3,F,3.0,3.99,1900,8/5/2022
1639,1639,BR,IF,G,3.0,3.99,39000,8/5/2022
1640,1640,BR,VVS1,G,3.0,3.99,35500,8/5/2022
1641,1641,BR,VVS2,G,3.0,3.99,32500,8/5/2022
1642,1642,BR,VS1,G,3.0,3.99,29000,8/5/2022
1643,1643,BR,VS2,G,3.0,3.99,25500,8/5/2022
1644,1644,BR,SI1,G,3.0,3.99,21000,8/5/2022
1645,1645,BR,SI2,G,3.0,3.99,17500,8/5/2022
1646,1646,BR,SI3,G,3.0,3.99,12100,8/5/2022
1647,1647,BR,I1,G,3.0,3.99,9100,8/5/2022
1648,1648,BR,I2,G,3.0,3.99,4300,8/5/2022
1649,1649,BR,I3,G,3.0,3.99,1800,8/5/2022
1650,1650,BR,IF,H,3.0,3.99,31000,8/5/2022
1651,1651,BR,VVS1,H,3.0,3.99,28500,8/5/2022
1652,1652,BR,VVS2,H,3.0,3.99,26000,8/5/2022
1653,1653,BR,VS1,H,3.0,3.99,23500,8/5/2022
1654,1654,BR,VS2,H,3.0,3.99,21500,8/5/2022
1655,1655,BR,SI1,H,3.0,3.99,19000,8/5/2022
1656,1656,BR,SI2,H,3.0,3.99,15700,8/5/2022
1657,1657,BR,SI3,H,3.0,3.99,10800,8/5/2022
1658,1658,BR,I1,H,3.0,3.99,8600,8/5/2022
1659,1659,BR,I2,H,3.0,3.99,4100,8/5/2022
1660,1660,BR,I3,H,3.0,3.99,1700,8/5/2022
1661,1661,BR,IF,I,3.0,3.99,25000,8/5/2022
1662,1662,BR,VVS1,I,3.0,3.99,23000,8/5/2022
1663,1663,BR,VVS2,I,3.0,3.99,21500,8/5/2022
1664,1664,BR,VS1,I,3.0,3.99,19500,8/5/2022
1665,1665,BR,VS2,I,3.0,3.99,18500,8/5/2022
1666,1666,BR,SI1,I,3.0,3.99,17000,8/5/2022
1667,1667,BR,SI2,I,3.0,3.99,14200,8/5/2022
1668,1668,BR,SI3,I,3.0,3.99,9900,8/5/2022
1669,1669,BR,I1,I,3.0,3.99,8000,8/5/2022
1670,1670,BR,I2,I,3.0,3.99,3800,8/5/2022
1671,1671,BR,I3,I,3.0,3.99,1600,8/5/2022
1672,1672,BR,IF,J,3.0,3.99,20000,8/5/2022
1673,1673,BR,VVS1,J,3.0,3.99,18500,8/5/2022
1674,1674,BR,VVS2,J,3.0,3.99,17500,8/5/2022
1675,1675,BR,VS1,J,3.0,3.99,16500,8/5/2022
1676,1676,BR,VS2,J,3.0,3.99,15500,8/5/2022
1677,1677,BR,SI1,J,3.0,3.99,14000,8/5/2022
1678,1678,BR,SI2,J,3.0,3.99,12600,8/5/2022
1679,1679,BR,SI3,J,3.0,3.99,9000,8/5/2022
1680,1680,BR,I1,J,3.0,3.99,7100,8/5/2022
1681,1681,BR,I2,J,3.0,3.99,3500,8/5/2022
1682,1682,BR,I3,J,3.0,3.99,1500,8/5/2022
1683,1683,BR,IF,K,3.0,3.99,16000,8/5/2022
1684,1684,BR,VVS1,K,3.0,3.99,15000,8/5/2022
1685,1685,BR,VVS2,K,3.0,3.99,14000,8/5/2022
1686,1686,BR,VS1,K,3.0,3.99,13500,8/5/2022
1687,1687,BR,VS2,K,3.0,3.99,12500,8/5/2022
1688,1688,BR,SI1,K,3.0,3.99,11500,8/5/2022
1689,1689,BR,SI2,K,3.0,3.99,10300,8/5/2022
1690,1690,BR,SI3,K,3.0,3.99,7600,8/5/2022
1691,1691,BR,I1,K,3.0,3.99,6200,8/5/2022
1692,1692,BR,I2,K,3.0,3.99,3300,8/5/2022
1693,1693,BR,I3,K,3.0,3.99,1500,8/5/2022
1694,1694,BR,IF,L,3.0,3.99,12800,8/5/2022
1695,1695,BR,VVS1,L,3.0,3.99,12100,8/5/2022
1696,1696,BR,VVS2,L,3.0,3.99,11400,8/5/2022
1697,1697,BR,VS1,L,3.0,3.99,10800,8/5/2022
1698,1698,BR,VS2,L,3.0,3.99,10000,8/5/2022
1699,1699,BR,SI1,L,3.0,3.99,9200,8/5/2022
1700,1700,BR,SI2,L,3.0,3.99,8200,8/5/2022
1701,1701,BR,SI3,L,3.0,3.99,6500,8/5/2022
1702,1702,BR,I1,L,3.0,3.99,5500,8/5/2022
1703,1703,BR,I2,L,3.0,3.99,3100,8/5/2022
1704,1704,BR,I3,L,3.0,3.99,1400,8/5/2022
1705,1705,BR,IF,M,3.0,3.99,10500,8/5/2022
1706,1706,BR,VVS1,M,3.0,3.99,9900,8/5/2022
1707,1707,BR,VVS2,M,3.0,3.99,9300,8/5/2022
1708,1708,BR,VS1,M,3.0,3.99,8700,8/5/2022
1709,1709,BR,VS2,M,3.0,3.99,8200,8/5/2022
1710,1710,BR,SI1,M,3.0,3.99,7700,8/5/2022
1711,1711,BR,SI2,M,3.0,3.99,6700,8/5/2022
1712,1712,BR,SI3,M,3.0,3.99,5800,8/5/2022
1713,1713,BR,I1,M,3.0,3.99,4700,8/5/2022
1714,1714,BR,I2,M,3.0,3.99,3000,8/5/2022
1715,1715,BR,I3,M,3.0,3.99,1400,8/5/2022
1716,1716,BR,IF,D,4.0,4.99,86000,8/5/2022
1717,1717,BR,VVS1,D,4.0,4.99,72000,8/5/2022
1718,1718,BR,VVS2,D,4.0,4.99,63500,8/5/2022
1719,1719,BR,VS1,D,4.0,4.99,53500,8/5/2022
1720,1720,BR,VS2,D,4.0,4.99,44000,8/5/2022
1721,1721,BR,SI1,D,4.0,4.99,31500,8/5/2022
1722,1722,BR,SI2,D,4.0,4.99,25500,8/5/2022
1723,1723,BR,SI3,D,4.0,4.99,15500,8/5/2022
1724,1724,BR,I1,D,4.0,4.99,11100,8/5/2022
1725,1725,BR,I2,D,4.0,4.99,5400,8/5/2022
1726,1726,BR,I3,D,4.0,4.99,2300,8/5/2022
1727,1727,BR,IF,E,4.0,4.99,68500,8/5/2022
1728,1728,BR,VVS1,E,4.0,4.99,61500,8/5/2022
1729,1729,BR,VVS2,E,4.0,4.99,55000,8/5/2022
1730,1730,BR,VS1,E,4.0,4.99,49000,8/5/2022
1731,1731,BR,VS2,E,4.0,4.99,41000,8/5/2022
1732,1732,BR,SI1,E,4.0,4.99,29500,8/5/2022
1733,1733,BR,SI2,E,4.0,4.99,24000,8/5/2022
1734,1734,BR,SI3,E,4.0,4.99,14500,8/5/2022
1735,1735,BR,I1,E,4.0,4.99,10600,8/5/2022
1736,1736,BR,I2,E,4.0,4.99,5200,8/5/2022
1737,1737,BR,I3,E,4.0,4.99,2200,8/5/2022
1738,1738,BR,IF,F,4.0,4.99,59000,8/5/2022
1739,1739,BR,VVS1,F,4.0,4.99,53500,8/5/2022
1740,1740,BR,VVS2,F,4.0,4.99,49000,8/5/2022
1741,1741,BR,VS1,F,4.0,4.99,42500,8/5/2022
1742,1742,BR,VS2,F,4.0,4.99,36500,8/5/2022
1743,1743,BR,SI1,F,4.0,4.99,27500,8/5/2022
1744,1744,BR,SI2,F,4.0,4.99,22500,8/5/2022
1745,1745,BR,SI3,F,4.0,4.99,13800,8/5/2022
1746,1746,BR,I1,F,4.0,4.99,10100,8/5/2022
1747,1747,BR,I2,F,4.0,4.99,5000,8/5/2022
1748,1748,BR,I3,F,4.0,4.99,2100,8/5/2022
1749,1749,BR,IF,G,4.0,4.99,48000,8/5/2022
1750,1750,BR,VVS1,G,4.0,4.99,44500,8/5/2022
1751,1751,BR,VVS2,G,4.0,4.99,40500,8/5/2022
1752,1752,BR,VS1,G,4.0,4.99,37000,8/5/2022
1753,1753,BR,VS2,G,4.0,4.99,32500,8/5/2022
1754,1754,BR,SI1,G,4.0,4.99,24500,8/5/2022
1755,1755,BR,SI2,G,4.0,4.99,20000,8/5/2022
1756,1756,BR,SI3,G,4.0,4.99,12700,8/5/2022
1757,1757,BR,I1,G,4.0,4.99,9500,8/5/2022
1758,1758,BR,I2,G,4.0,4.99,4700,8/5/2022
1759,1759,BR,I3,G,4.0,4.99,2000,8/5/2022
1760,1760,BR,IF,H,4.0,4.99,37000,8/5/2022
1761,1761,BR,VVS1,H,4.0,4.99,34500,8/5/2022
1762,1762,BR,VVS2,H,4.0,4.99,32500,8/5/2022
1763,1763,BR,VS1,H,4.0,4.99,30500,8/5/2022
1764,1764,BR,VS2,H,4.0,4.99,27000,8/5/2022
1765,1765,BR,SI1,H,4.0,4.99,21500,8/5/2022
1766,1766,BR,SI2,H,4.0,4.99,18000,8/5/2022
1767,1767,BR,SI3,H,4.0,4.99,11400,8/5/2022
1768,1768,BR,I1,H,4.0,4.99,9000,8/5/2022
1769,1769,BR,I2,H,4.0,4.99,4400,8/5/2022
1770,1770,BR,I3,H,4.0,4.99,1900,8/5/2022
1771,1771,BR,IF,I,4.0,4.99,29000,8/5/2022
1772,1772,BR,VVS1,I,4.0,4.99,27000,8/5/2022
1773,1773,BR,VVS2,I,4.0,4.99,25500,8/5/2022
1774,1774,BR,VS1,I,4.0,4.99,24000,8/5/2022
1775,1775,BR,VS2,I,4.0,4.99,21500,8/5/2022
1776,1776,BR,SI1,I,4.0,4.99,19000,8/5/2022
1777,1777,BR,SI2,I,4.0,4.99,16000,8/5/2022
1778,1778,BR,SI3,I,4.0,4.99,10500,8/5/2022
1779,1779,BR,I1,I,4.0,4.99,8600,8/5/2022
1780,1780,BR,I2,I,4.0,4.99,4100,8/5/2022
1781,1781,BR,I3,I,4.0,4.99,1800,8/5/2022
1782,1782,BR,IF,J,4.0,4.99,23000,8/5/2022
1783,1783,BR,VVS1,J,4.0,4.99,21500,8/5/2022
1784,1784,BR,VVS2,J,4.0,4.99,20000,8/5/2022
1785,1785,BR,VS1,J,4.0,4.99,19000,8/5/2022
1786,1786,BR,VS2,J,4.0,4.99,17500,8/5/2022
1787,1787,BR,SI1,J,4.0,4.99,15500,8/5/2022
1788,1788,BR,SI2,J,4.0,4.99,14000,8/5/2022
1789,1789,BR,SI3,J,4.0,4.99,9500,8/5/2022
1790,1790,BR,I1,J,4.0,4.99,7500,8/5/2022
1791,1791,BR,I2,J,4.0,4.99,3900,8/5/2022
1792,1792,BR,I3,J,4.0,4.99,1700,8/5/2022
1793,1793,BR,IF,K,4.0,4.99,19000,8/5/2022
1794,1794,BR,VVS1,K,4.0,4.99,18000,8/5/2022
1795,1795,BR,VVS2,K,4.0,4.99,16500,8/5/2022
1796,1796,BR,VS1,K,4.0,4.99,15500,8/5/2022
1797,1797,BR,VS2,K,4.0,4.99,14500,8/5/2022
1798,1798,BR,SI1,K,4.0,4.99,13000,8/5/2022
1799,1799,BR,SI2,K,4.0,4.99,12000,8/5/2022
1800,1800,BR,SI3,K,4.0,4.99,8300,8/5/2022
1801,1801,BR,I1,K,4.0,4.99,6600,8/5/2022
1802,1802,BR,I2,K,4.0,4.99,3600,8/5/2022
1803,1803,BR,I3,K,4.0,4.99,1700,8/5/2022
1804,1804,BR,IF,L,4.0,4.99,15500,8/5/2022
1805,1805,BR,VVS1,L,4.0,4.99,14500,8/5/2022
1806,1806,BR,VVS2,L,4.0,4.99,13500,8/5/2022
1807,1807,BR,VS1,L,4.0,4.99,12500,8/5/2022
1808,1808,BR,VS2,L,4.0,4.99,11500,8/5/2022
1809,1809,BR,SI1,L,4.0,4.99,10500,8/5/2022
1810,1810,BR,SI2,L,4.0,4.99,10000,8/5/2022
1811,1811,BR,SI3,L,4.0,4.99,7300,8/5/2022
1812,1812,BR,I1,L,4.0,4.99,5900,8/5/2022
1813,1813,BR,I2,L,4.0,4.99,3400,8/5/2022
1814,1814,BR,I3,L,4.0,4.99,1600,8/5/2022
1815,1815,BR,IF,M,4.0,4.99,12500,8/5/2022
1816,1816,BR,VVS1,M,4.0,4.99,11500,8/5/2022
1817,1817,BR,VVS2,M,4.0,4.99,10500,8/5/2022
1818,1818,BR,VS1,M,4.0,4.99,10000,8/5/2022
1819,1819,BR,VS2,M,4.0,4.99,9500,8/5/2022
1820,1820,BR,SI1,M,4.0,4.99,9000,8/5/2022
1821,1821,BR,SI2,M,4.0,4.99,8000,8/5/2022
1822,1822,BR,SI3,M,4.0,4.99,6500,8/5/2022
1823,1823,BR,I1,M,4.0,4.99,5000,8/5/2022
1824,1824,BR,I2,M,4.0,4.99,3200,8/5/2022
1825,1825,BR,I3,M,4.0,4.99,1600,8/5/2022
1826,1826,BR,IF,D,5.0,5.99,120000,8/5/2022
1827,1827,BR,VVS1,D,5.0,5.99,97000,8/5/2022
1828,1828,BR,VVS2,D,5.0,5.99,85000,8/5/2022
1829,1829,BR,VS1,D,5.0,5.99,76500,8/5/2022
1830,1830,BR,VS2,D,5.0,5.99,63000,8/5/2022
1831,1831,BR,SI1,D,5.0,5.99,45000,8/5/2022
1832,1832,BR,SI2,D,5.0,5.99,33500,8/5/2022
1833,1833,BR,SI3,D,5.0,5.99,17500,8/5/2022
1834,1834,BR,I1,D,5.0,5.99,12500,8/5/2022
1835,1835,BR,I2,D,5.0,5.99,6000,8/5/2022
1836,1836,BR,I3,D,5.0,5.99,2500,8/5/2022
1837,1837,BR,IF,E,5.0,5.99,90500,8/5/2022
1838,1838,BR,VVS1,E,5.0,5.99,82500,8/5/2022
1839,1839,BR,VVS2,E,5.0,5.99,74500,8/5/2022
1840,1840,BR,VS1,E,5.0,5.99,67000,8/5/2022
1841,1841,BR,VS2,E,5.0,5.99,57000,8/5/2022
1842,1842,BR,SI1,E,5.0,5.99,41500,8/5/2022
1843,1843,BR,SI2,E,5.0,5.99,31500,8/5/2022
1844,1844,BR,SI3,E,5.0,5.99,17000,8/5/2022
1845,1845,BR,I1,E,5.0,5.99,12000,8/5/2022
1846,1846,BR,I2,E,5.0,5.99,5700,8/5/2022
1847,1847,BR,I3,E,5.0,5.99,2300,8/5/2022
1848,1848,BR,IF,F,5.0,5.99,77500,8/5/2022
1849,1849,BR,VVS1,F,5.0,5.99,71500,8/5/2022
1850,1850,BR,VVS2,F,5.0,5.99,64500,8/5/2022
1851,1851,BR,VS1,F,5.0,5.99,58500,8/5/2022
1852,1852,BR,VS2,F,5.0,5.99,50500,8/5/2022
1853,1853,BR,SI1,F,5.0,5.99,38000,8/5/2022
1854,1854,BR,SI2,F,5.0,5.99,30000,8/5/2022
1855,1855,BR,SI3,F,5.0,5.99,16000,8/5/2022
1856,1856,BR,I1,F,5.0,5.99,11500,8/5/2022
1857,1857,BR,I2,F,5.0,5.99,5400,8/5/2022
1858,1858,BR,I3,F,5.0,5.99,2200,8/5/2022
1859,1859,BR,IF,G,5.0,5.99,64500,8/5/2022
1860,1860,BR,VVS1,G,5.0,5.99,59500,8/5/2022
1861,1861,BR,VVS2,G,5.0,5.99,55000,8/5/2022
1862,1862,BR,VS1,G,5.0,5.99,50500,8/5/2022
1863,1863,BR,VS2,G,5.0,5.99,43500,8/5/2022
1864,1864,BR,SI1,G,5.0,5.99,34000,8/5/2022
1865,1865,BR,SI2,G,5.0,5.99,28000,8/5/2022
1866,1866,BR,SI3,G,5.0,5.99,15000,8/5/2022
1867,1867,BR,I1,G,5.0,5.99,11000,8/5/2022
1868,1868,BR,I2,G,5.0,5.99,5100,8/5/2022
1869,1869,BR,I3,G,5.0,5.99,2100,8/5/2022
1870,1870,BR,IF,H,5.0,5.99,50500,8/5/2022
1871,1871,BR,VVS1,H,5.0,5.99,47500,8/5/2022
1872,1872,BR,VVS2,H,5.0,5.99,43500,8/5/2022
1873,1873,BR,VS1,H,5.0,5.99,39500,8/5/2022
1874,1874,BR,VS2,H,5.0,5.99,35000,8/5/2022
1875,1875,BR,SI1,H,5.0,5.99,28500,8/5/2022
1876,1876,BR,SI2,H,5.0,5.99,24000,8/5/2022
1877,1877,BR,SI3,H,5.0,5.99,14000,8/5/2022
1878,1878,BR,I1,H,5.0,5.99,10000,8/5/2022
1879,1879,BR,I2,H,5.0,5.99,4800,8/5/2022
1880,1880,BR,I3,H,5.0,5.99,2100,8/5/2022
1881,1881,BR,IF,I,5.0,5.99,38500,8/5/2022
1882,1882,BR,VVS1,I,5.0,5.99,36000,8/5/2022
1883,1883,BR,VVS2,I,5.0,5.99,33500,8/5/2022
1884,1884,BR,VS1,I,5.0,5.99,31000,8/5/2022
1885,1885,BR,VS2,I,5.0,5.99,27500,8/5/2022
1886,1886,BR,SI1,I,5.0,5.99,24000,8/5/2022
1887,1887,BR,SI2,I,5.0,5.99,20500,8/5/2022
1888,1888,BR,SI3,I,5.0,5.99,13000,8/5/2022
1889,1889,BR,I1,I,5.0,5.99,9500,8/5/2022
1890,1890,BR,I2,I,5.0,5.99,4600,8/5/2022
1891,1891,BR,I3,I,5.0,5.99,2000,8/5/2022
1892,1892,BR,IF,J,5.0,5.99,30000,8/5/2022
1893,1893,BR,VVS1,J,5.0,5.99,27500,8/5/2022
1894,1894,BR,VVS2,J,5.0,5.99,25500,8/5/2022
1895,1895,BR,VS1,J,5.0,5.99,24000,8/5/2022
1896,1896,BR,VS2,J,5.0,5.99,22000,8/5/2022
1897,1897,BR,SI1,J,5.0,5.99,20500,8/5/2022
1898,1898,BR,SI2,J,5.0,5.99,18000,8/5/2022
1899,1899,BR,SI3,J,5.0,5.99,12000,8/5/2022
1900,1900,BR,I1,J,5.0,5.99,8800,8/5/2022
1901,1901,BR,I2,J,5.0,5.99,4300,8/5/2022
1902,1902,BR,I3,J,5.0,5.99,1900,8/5/2022
1903,1903,BR,IF,K,5.0,5.99,23500,8/5/2022
1904,1904,BR,VVS1,K,5.0,5.99,22000,8/5/2022
1905,1905,BR,VVS2,K,5.0,5.99,20500,8/5/2022
1906,1906,BR,VS1,K,5.0,5.99,19000,8/5/2022
1907,1907,BR,VS2,K,5.0,5.99,18000,8/5/2022
1908,1908,BR,SI1,K,5.0,5.99,17000,8/5/2022
1909,1909,BR,SI2,K,5.0,5.99,15500,8/5/2022
1910,1910,BR,SI3,K,5.0,5.99,11000,8/5/2022
1911,1911,BR,I1,K,5.0,5.99,8100,8/5/2022
1912,1912,BR,I2,K,5.0,5.99,4100,8/5/2022
1913,1913,BR,I3,K,5.0,5.99,1800,8/5/2022
1914,1914,BR,IF,L,5.0,5.99,19000,8/5/2022
1915,1915,BR,VVS1,L,5.0,5.99,17500,8/5/2022
1916,1916,BR,VVS2,L,5.0,5.99,16500,8/5/2022
1917,1917,BR,VS1,L,5.0,5.99,15500,8/5/2022
1918,1918,BR,VS2,L,5.0,5.99,14500,8/5/2022
1919,1919,BR,SI1,L,5.0,5.99,13500,8/5/2022
1920,1920,BR,SI2,L,5.0,5.99,12500,8/5/2022
1921,1921,BR,SI3,L,5.0,5.99,10000,8/5/2022
1922,1922,BR,I1,L,5.0,5.99,6900,8/5/2022
1923,1923,BR,I2,L,5.0,5.99,3700,8/5/2022
1924,1924,BR,I3,L,5.0,5.99,1700,8/5/2022
1925,1925,BR,IF,M,5.0,5.99,15500,8/5/2022
1926,1926,BR,VVS1,M,5.0,5.99,14500,8/5/2022
1927,1927,BR,VVS2,M,5.0,5.99,14000,8/5/2022
1928,1928,BR,VS1,M,5.0,5.99,13000,8/5/2022
1929,1929,BR,VS2,M,5.0,5.99,12000,8/5/2022
1930,1930,BR,SI1,M,5.0,5.99,11000,8/5/2022
1931,1931,BR,SI2,M,5.0,5.99,10000,8/5/2022
1932,1932,BR,SI3,M,5.0,5.99,8000,8/5/2022
1933,1933,BR,I1,M,5.0,5.99,6000,8/5/2022
1934,1934,BR,I2,M,5.0,5.99,3400,8/5/2022
1935,1935,BR,I3,M,5.0,5.99,1600,8/5/2022
1936,1936,BR,IF,D,10.0,10.99,185000,8/5/2022
1937,1937,BR,VVS1,D,10.0,10.99,148000,8/5/2022
1938,1938,BR,VVS2,D,10.0,10.99,130500,8/5/2022
1939,1939,BR,VS1,D,10.0,10.99,118000,8/5/2022
1940,1940,BR,VS2,D,10.0,10.99,99000,8/5/2022
1941,1941,BR,SI1,D,10.0,10.99,66500,8/5/2022
1942,1942,BR,SI2,D,10.0,10.99,49000,8/5/2022
1943,1943,BR,SI3,D,10.0,10.99,25000,8/5/2022
1944,1944,BR,I1,D,10.0,10.99,14000,8/5/2022
1945,1945,BR,I2,D,10.0,10.99,6600,8/5/2022
1946,1946,BR,I3,D,10.0,10.99,2700,8/5/2022
1947,1947,BR,IF,E,10.0,10.99,138000,8/5/2022
1948,1948,BR,VVS1,E,10.0,10.99,127500,8/5/2022
1949,1949,BR,VVS2,E,10.0,10.99,115500,8/5/2022
1950,1950,BR,VS1,E,10.0,10.99,104500,8/5/2022
1951,1951,BR,VS2,E,10.0,10.99,90000,8/5/2022
1952,1952,BR,SI1,E,10.0,10.99,61500,8/5/2022
1953,1953,BR,SI2,E,10.0,10.99,45500,8/5/2022
1954,1954,BR,SI3,E,10.0,10.99,23500,8/5/2022
1955,1955,BR,I1,E,10.0,10.99,13500,8/5/2022
1956,1956,BR,I2,E,10.0,10.99,6300,8/5/2022
1957,1957,BR,I3,E,10.0,10.99,2600,8/5/2022
1958,1958,BR,IF,F,10.0,10.99,118000,8/5/2022
1959,1959,BR,VVS1,F,10.0,10.99,111000,8/5/2022
1960,1960,BR,VVS2,F,10.0,10.99,100500,8/5/2022
1961,1961,BR,VS1,F,10.0,10.99,90000,8/5/2022
1962,1962,BR,VS2,F,10.0,10.99,78000,8/5/2022
1963,1963,BR,SI1,F,10.0,10.99,56500,8/5/2022
1964,1964,BR,SI2,F,10.0,10.99,42500,8/5/2022
1965,1965,BR,SI3,F,10.0,10.99,22000,8/5/2022
1966,1966,BR,I1,F,10.0,10.99,13000,8/5/2022
1967,1967,BR,I2,F,10.0,10.99,6000,8/5/2022
1968,1968,BR,I3,F,10.0,10.99,2500,8/5/2022
1969,1969,BR,IF,G,10.0,10.99,99000,8/5/2022
1970,1970,BR,VVS1,G,10.0,10.99,93000,8/5/2022
1971,1971,BR,VVS2,G,10.0,10.99,85500,8/5/2022
1972,1972,BR,VS1,G,10.0,10.99,77500,8/5/2022
1973,1973,BR,VS2,G,10.0,10.99,67000,8/5/2022
1974,1974,BR,SI1,G,10.0,10.99,51500,8/5/2022
1975,1975,BR,SI2,G,10.0,10.99,39500,8/5/2022
1976,1976,BR,SI3,G,10.0,10.99,20500,8/5/2022
1977,1977,BR,I1,G,10.0,10.99,12500,8/5/2022
1978,1978,BR,I2,G,10.0,10.99,5700,8/5/2022
1979,1979,BR,I3,G,10.0,10.99,2400,8/5/2022
1980,1980,BR,IF,H,10.0,10.99,79000,8/5/2022
1981,1981,BR,VVS1,H,10.0,10.99,74000,8/5/2022
1982,1982,BR,VVS2,H,10.0,10.99,68500,8/5/2022
1983,1983,BR,VS1,H,10.0,10.99,62000,8/5/2022
1984,1984,BR,VS2,H,10.0,10.99,54000,8/5/2022
1985,1985,BR,SI1,H,10.0,10.99,43500,8/5/2022
1986,1986,BR,SI2,H,10.0,10.99,35000,8/5/2022
1987,1987,BR,SI3,H,10.0,10.99,18500,8/5/2022
1988,1988,BR,I1,H,10.0,10.99,12000,8/5/2022
1989,1989,BR,I2,H,10.0,10.99,5500,8/5/2022
1990,1990,BR,I3,H,10.0,10.99,2300,8/5/2022
1991,1991,BR,IF,I,10.0,10.99,60000,8/5/2022
1992,1992,BR,VVS1,I,10.0,10.99,56000,8/5/2022
1993,1993,BR,VVS2,I,10.0,10.99,53000,8/5/2022
1994,1994,BR,VS1,I,10.0,10.99,49500,8/5/2022
1995,1995,BR,VS2,I,10.0,10.99,43500,8/5/2022
1996,1996,BR,SI1,I,10.0,10.99,36500,8/5/2022
1997,1997,BR,SI2,I,10.0,10.99,29500,8/5/2022
1998,1998,BR,SI3,I,10.0,10.99,17000,8/5/2022
1999,1999,BR,I1,I,10.0,10.99,11500,8/5/2022
2000,2000,BR,I2,I,10.0,10.99,5200,8/5/2022
2001,2001,BR,I3,I,10.0,10.99,2200,8/5/2022
2002,2002,BR,IF,J,10.0,10.99,47000,8/5/2022
2003,2003,BR,VVS1,J,10.0,10.99,43000,8/5/2022
2004,2004,BR,VVS2,J,10.0,10.99,40000,8/5/2022
2005,2005,BR,VS1,J,10.0,10.99,37500,8/5/2022
2006,2006,BR,VS2,J,10.0,10.99,35000,8/5/2022
2007,2007,BR,SI1,J,10.0,10.99,30500,8/5/2022
2008,2008,BR,SI2,J,10.0,10.99,25000,8/5/2022
2009,2009,BR,SI3,J,10.0,10.99,15000,8/5/2022
2010,2010,BR,I1,J,10.0,10.99,11000,8/5/2022
2011,2011,BR,I2,J,10.0,10.99,4900,8/5/2022
2012,2012,BR,I3,J,10.0,10.99,2100,8/5/2022
2013,2013,BR,IF,K,10.0,10.99,36000,8/5/2022
2014,2014,BR,VVS1,K,10.0,10.99,34000,8/5/2022
2015,2015,BR,VVS2,K,10.0,10.99,32000,8/5/2022
2016,2016,BR,VS1,K,10.0,10.99,30000,8/5/2022
2017,2017,BR,VS2,K,10.0,10.99,28000,8/5/2022
2018,2018,BR,SI1,K,10.0,10.99,24000,8/5/2022
2019,2019,BR,SI2,K,10.0,10.99,20500,8/5/2022
2020,2020,BR,SI3,K,10.0,10.99,13500,8/5/2022
2021,2021,BR,I1,K,10.0,10.99,10000,8/5/2022
2022,2022,BR,I2,K,10.0,10.99,4700,8/5/2022
2023,2023,BR,I3,K,10.0,10.99,2000,8/5/2022
2024,2024,BR,IF,L,10.0,10.99,28500,8/5/2022
2025,2025,BR,VVS1,L,10.0,10.99,27000,8/5/2022
2026,2026,BR,VVS2,L,10.0,10.99,25000,8/5/2022
2027,2027,BR,VS1,L,10.0,10.99,23000,8/5/2022
2028,2028,BR,VS2,L,10.0,10.99,21500,8/5/2022
2029,2029,BR,SI1,L,10.0,10.99,19500,8/5/2022
2030,2030,BR,SI2,L,10.0,10.99,16500,8/5/2022
2031,2031,BR,SI3,L,10.0,10.99,12000,8/5/2022
2032,2032,BR,I1,L,10.0,10.99,8500,8/5/2022
2033,2033,BR,I2,L,10.0,10.99,4500,8/5/2022
2034,2034,BR,I3,L,10.0,10.99,1900,8/5/2022
2035,2035,BR,IF,M,10.0,10.99,23000,8/5/2022
2036,2036,BR,VVS1,M,10.0,10.99,21500,8/5/2022
2037,2037,BR,VVS2,M,10.0,10.99,20500,8/5/2022
2038,2038,BR,VS1,M,10.0,10.99,19000,8/5/2022
2039,2039,BR,VS2,M,10.0,10.99,18000,8/5/2022
2040,2040,BR,SI1,M,10.0,10.99,16500,8/5/2022
2041,2041,BR,SI2,M,10.0,10.99,14000,8/5/2022
2042,2042,BR,SI3,M,10.0,10.99,10500,8/5/2022
2043,2043,BR,I1,M,10.0,10.99,7500,8/5/2022
2044,2044,BR,I2,M,10.0,10.99,4300,8/5/2022
2045,2045,BR,I3,M,10.0,10.99,1800,8/5/2022
